[ 2920583ms] [INFO] %cDownload the React DevTools for a better development experience: https://react.dev/link/react-devtools font-weight:bold @ http://localhost:3000/_next/static/chunks/node_modules_next_dist_115brz8._.js:2477
[ 2920664ms] [LOG] [HMR] connected @ http://localhost:3000/_next/static/chunks/node_modules_next_dist_115brz8._.js:2477
[ 2923876ms] [LOG] [Fast Refresh] rebuilding @ http://localhost:3000/_next/static/chunks/node_modules_next_dist_115brz8._.js:2477
[ 2924078ms] [LOG] [Fast Refresh] done in 26ms @ http://localhost:3000/_next/static/chunks/node_modules_next_dist_115brz8._.js:2477
[ 2928702ms] [LOG] [Fast Refresh] rebuilding @ http://localhost:3000/_next/static/chunks/node_modules_next_dist_115brz8._.js:2477
[ 2928840ms] [LOG] [Fast Refresh] done in 248ms @ http://localhost:3000/_next/static/chunks/node_modules_next_dist_115brz8._.js:2477
[ 2935745ms] [LOG] [Fast Refresh] rebuilding @ http://localhost:3000/_next/static/chunks/node_modules_next_dist_115brz8._.js:2477
[ 2935807ms] [LOG] [Fast Refresh] done in 166ms @ http://localhost:3000/_next/static/chunks/node_modules_next_dist_115brz8._.js:2477
[ 2937039ms] [LOG] [Fast Refresh] rebuilding @ http://localhost:3000/_next/static/chunks/node_modules_next_dist_115brz8._.js:2477
[ 2937102ms] [LOG] [Fast Refresh] done in 167ms @ http://localhost:3000/_next/static/chunks/node_modules_next_dist_115brz8._.js:2477
[ 2947640ms] [LOG] [Fast Refresh] rebuilding @ http://localhost:3000/_next/static/chunks/node_modules_next_dist_115brz8._.js:2477
[ 2947747ms] [LOG] [Fast Refresh] done in 208ms @ http://localhost:3000/_next/static/chunks/node_modules_next_dist_115brz8._.js:2477
[ 2947874ms] [LOG] [Fast Refresh] rebuilding @ http://localhost:3000/_next/static/chunks/node_modules_next_dist_115brz8._.js:2477
[ 2947938ms] [LOG] [Fast Refresh] done in 168ms @ http://localhost:3000/_next/static/chunks/node_modules_next_dist_115brz8._.js:2477
[ 2949699ms] [LOG] [Fast Refresh] rebuilding @ http://localhost:3000/_next/static/chunks/node_modules_next_dist_115brz8._.js:2477
[ 2949779ms] [LOG] [Fast Refresh] done in 183ms @ http://localhost:3000/_next/static/chunks/node_modules_next_dist_115brz8._.js:2477
[ 2954690ms] [LOG] [Fast Refresh] rebuilding @ http://localhost:3000/_next/static/chunks/node_modules_next_dist_115brz8._.js:2477
[ 2954754ms] [LOG] [Fast Refresh] done in 168ms @ http://localhost:3000/_next/static/chunks/node_modules_next_dist_115brz8._.js:2477
[ 2964106ms] [LOG] [Fast Refresh] rebuilding @ http://localhost:3000/_next/static/chunks/node_modules_next_dist_115brz8._.js:2477
[ 2964247ms] [LOG] [Fast Refresh] done in 136ms @ http://localhost:3000/_next/static/chunks/node_modules_next_dist_115brz8._.js:2477
[ 2977183ms] [LOG] [Fast Refresh] rebuilding @ http://localhost:3000/_next/static/chunks/node_modules_next_dist_115brz8._.js:2477
[ 2977246ms] [LOG] [Fast Refresh] done in 167ms @ http://localhost:3000/_next/static/chunks/node_modules_next_dist_115brz8._.js:2477
[ 2979501ms] [LOG] [Fast Refresh] rebuilding @ http://localhost:3000/_next/static/chunks/node_modules_next_dist_115brz8._.js:2477
[ 2979642ms] [LOG] [Fast Refresh] done in 245ms @ http://localhost:3000/_next/static/chunks/node_modules_next_dist_115brz8._.js:2477
[ 2979876ms] [LOG] [Fast Refresh] rebuilding @ http://localhost:3000/_next/static/chunks/node_modules_next_dist_115brz8._.js:2477
[ 2979939ms] [LOG] [Fast Refresh] done in 164ms @ http://localhost:3000/_next/static/chunks/node_modules_next_dist_115brz8._.js:2477
[ 3006127ms] [LOG] [Fast Refresh] rebuilding @ http://localhost:3000/_next/static/chunks/node_modules_next_dist_115brz8._.js:2477
[ 3006218ms] [LOG] [Fast Refresh] done in 205ms @ http://localhost:3000/_next/static/chunks/node_modules_next_dist_115brz8._.js:2477
[ 3006345ms] [LOG] [Fast Refresh] rebuilding @ http://localhost:3000/_next/static/chunks/node_modules_next_dist_115brz8._.js:2477
[ 3006362ms] [LOG] [Fast Refresh] done in 119ms @ http://localhost:3000/_next/static/chunks/node_modules_next_dist_115brz8._.js:2477
[ 3023044ms] [LOG] [Fast Refresh] rebuilding @ http://localhost:3000/_next/static/chunks/node_modules_next_dist_115brz8._.js:2477
[ 3023135ms] [LOG] [Fast Refresh] done in 206ms @ http://localhost:3000/_next/static/chunks/node_modules_next_dist_115brz8._.js:2477
[ 3039917ms] [LOG] [Fast Refresh] rebuilding @ http://localhost:3000/_next/static/chunks/node_modules_next_dist_115brz8._.js:2477
[ 3040018ms] [LOG] [Fast Refresh] done in 207ms @ http://localhost:3000/_next/static/chunks/node_modules_next_dist_115brz8._.js:2477
[ 3047162ms] [LOG] [Fast Refresh] rebuilding @ http://localhost:3000/_next/static/chunks/node_modules_next_dist_115brz8._.js:2477
[ 3047255ms] [LOG] [Fast Refresh] done in 206ms @ http://localhost:3000/_next/static/chunks/node_modules_next_dist_115brz8._.js:2477
[ 3062652ms] [LOG] [Fast Refresh] rebuilding @ http://localhost:3000/_next/static/chunks/node_modules_next_dist_115brz8._.js:2477
[ 3062752ms] [LOG] [Fast Refresh] done in 206ms @ http://localhost:3000/_next/static/chunks/node_modules_next_dist_115brz8._.js:2477
[ 3062884ms] [LOG] [Fast Refresh] rebuilding @ http://localhost:3000/_next/static/chunks/node_modules_next_dist_115brz8._.js:2477
[ 3062947ms] [LOG] [Fast Refresh] done in 171ms @ http://localhost:3000/_next/static/chunks/node_modules_next_dist_115brz8._.js:2477
[ 3071737ms] [LOG] [Fast Refresh] rebuilding @ http://localhost:3000/_next/static/chunks/node_modules_next_dist_115brz8._.js:2477
[ 3071832ms] [LOG] [Fast Refresh] done in 205ms @ http://localhost:3000/_next/static/chunks/node_modules_next_dist_115brz8._.js:2477
[ 3071971ms] [LOG] [Fast Refresh] rebuilding @ http://localhost:3000/_next/static/chunks/node_modules_next_dist_115brz8._.js:2477
[ 3071972ms] [LOG] [Fast Refresh] done in 115ms @ http://localhost:3000/_next/static/chunks/node_modules_next_dist_115brz8._.js:2477
[ 3091900ms] [LOG] [Fast Refresh] rebuilding @ http://localhost:3000/_next/static/chunks/node_modules_next_dist_115brz8._.js:2477
[ 3091999ms] [LOG] [Fast Refresh] done in 205ms @ http://localhost:3000/_next/static/chunks/node_modules_next_dist_115brz8._.js:2477
[ 3092133ms] [LOG] [Fast Refresh] rebuilding @ http://localhost:3000/_next/static/chunks/node_modules_next_dist_115brz8._.js:2477
[ 3092140ms] [LOG] [Fast Refresh] done in 121ms @ http://localhost:3000/_next/static/chunks/node_modules_next_dist_115brz8._.js:2477
[ 3110502ms] [LOG] [Fast Refresh] rebuilding @ http://localhost:3000/_next/static/chunks/node_modules_next_dist_115brz8._.js:2477
[ 3110600ms] [LOG] [Fast Refresh] done in 209ms @ http://localhost:3000/_next/static/chunks/node_modules_next_dist_115brz8._.js:2477
[ 3110734ms] [LOG] [Fast Refresh] rebuilding @ http://localhost:3000/_next/static/chunks/node_modules_next_dist_115brz8._.js:2477
[ 3110796ms] [LOG] [Fast Refresh] done in 170ms @ http://localhost:3000/_next/static/chunks/node_modules_next_dist_115brz8._.js:2477
[ 3129973ms] [LOG] [Fast Refresh] rebuilding @ http://localhost:3000/_next/static/chunks/node_modules_next_dist_115brz8._.js:2477
[ 3130036ms] [LOG] [Fast Refresh] done in 169ms @ http://localhost:3000/_next/static/chunks/node_modules_next_dist_115brz8._.js:2477
[ 3130176ms] [LOG] [Fast Refresh] rebuilding @ http://localhost:3000/_next/static/chunks/node_modules_next_dist_115brz8._.js:2477
[ 3130238ms] [LOG] [Fast Refresh] done in 163ms @ http://localhost:3000/_next/static/chunks/node_modules_next_dist_115brz8._.js:2477
[ 5067786ms] [ERROR] WebSocket connection to 'ws://localhost:3000/_next/webpack-hmr?id=gHESkptIvXd69d1y9XE13' failed: Error in connection establishment: net::ERR_CONNECTION_REFUSED @ http://localhost:3000/_next/static/chunks/node_modules_next_dist_client_0fhqo1d._.js:13322
[ 5069310ms] [LOG] [HMR] connected @ http://localhost:3000/_next/static/chunks/node_modules_next_dist_115brz8._.js:2477
[ 5071259ms] [INFO] %cDownload the React DevTools for a better development experience: https://react.dev/link/react-devtools font-weight:bold @ http://localhost:3000/_next/static/chunks/node_modules_next_dist_115brz8._.js:2477
[ 5071269ms] [LOG] [HMR] connected @ http://localhost:3000/_next/static/chunks/node_modules_next_dist_115brz8._.js:2477
[ 5895904ms] [LOG] [HMR] connected @ http://localhost:3000/_next/static/chunks/node_modules_next_dist_115brz8._.js:2477
[ 5926397ms] [ERROR] WebSocket connection to 'ws://localhost:3000/_next/webpack-hmr?id=rkh2XgtuzpfgCCDCppziG' failed: Error in connection establishment: net::ERR_CONNECTION_REFUSED @ http://localhost:3000/_next/static/chunks/node_modules_next_dist_client_0fhqo1d._.js:13322
[ 5929768ms] [ERROR] WebSocket connection to 'ws://localhost:3000/_next/webpack-hmr?id=rkh2XgtuzpfgCCDCppziG' failed: Error in connection establishment: net::ERR_CONNECTION_REFUSED @ http://localhost:3000/_next/static/chunks/node_modules_next_dist_client_0fhqo1d._.js:13322
[ 5933126ms] [ERROR] WebSocket connection to 'ws://localhost:3000/_next/webpack-hmr?id=rkh2XgtuzpfgCCDCppziG' failed: Error in connection establishment: net::ERR_CONNECTION_REFUSED @ http://localhost:3000/_next/static/chunks/node_modules_next_dist_client_0fhqo1d._.js:13322
[ 5936471ms] [ERROR] WebSocket connection to 'ws://localhost:3000/_next/webpack-hmr?id=rkh2XgtuzpfgCCDCppziG' failed: Error in connection establishment: net::ERR_CONNECTION_REFUSED @ http://localhost:3000/_next/static/chunks/node_modules_next_dist_client_0fhqo1d._.js:13322
[ 5939814ms] [ERROR] WebSocket connection to 'ws://localhost:3000/_next/webpack-hmr?id=rkh2XgtuzpfgCCDCppziG' failed: Error in connection establishment: net::ERR_CONNECTION_REFUSED @ http://localhost:3000/_next/static/chunks/node_modules_next_dist_client_0fhqo1d._.js:13322
[ 5947166ms] [ERROR] WebSocket connection to 'ws://localhost:3000/_next/webpack-hmr?id=rkh2XgtuzpfgCCDCppziG' failed: Error in connection establishment: net::ERR_CONNECTION_REFUSED @ http://localhost:3000/_next/static/chunks/node_modules_next_dist_client_0fhqo1d._.js:13322
[ 5954506ms] [ERROR] WebSocket connection to 'ws://localhost:3000/_next/webpack-hmr?id=rkh2XgtuzpfgCCDCppziG' failed: Error in connection establishment: net::ERR_CONNECTION_REFUSED @ http://localhost:3000/_next/static/chunks/node_modules_next_dist_client_0fhqo1d._.js:13322
[ 5961853ms] [ERROR] WebSocket connection to 'ws://localhost:3000/_next/webpack-hmr?id=rkh2XgtuzpfgCCDCppziG' failed: Error in connection establishment: net::ERR_CONNECTION_REFUSED @ http://localhost:3000/_next/static/chunks/node_modules_next_dist_client_0fhqo1d._.js:13322
[ 5966860ms] [LOG] [HMR] connected @ http://localhost:3000/_next/static/chunks/node_modules_next_dist_115brz8._.js:2477
[ 5967359ms] [INFO] %cDownload the React DevTools for a better development experience: https://react.dev/link/react-devtools font-weight:bold @ http://localhost:3000/_next/static/chunks/node_modules_next_dist_115brz8._.js:2477
[ 5967380ms] [LOG] [HMR] connected @ http://localhost:3000/_next/static/chunks/node_modules_next_dist_115brz8._.js:2477
[ 6029349ms] [LOG] [Fast Refresh] rebuilding @ http://localhost:3000/_next/static/chunks/node_modules_next_dist_115brz8._.js:2477
[ 6029725ms] [LOG] [Fast Refresh] done in 477ms @ http://localhost:3000/_next/static/chunks/node_modules_next_dist_115brz8._.js:2477
[ 6039094ms] [LOG] [Fast Refresh] rebuilding @ http://localhost:3000/_next/static/chunks/node_modules_next_dist_115brz8._.js:2477
[ 6039120ms] [LOG] [Fast Refresh] done in 137ms @ http://localhost:3000/_next/static/chunks/node_modules_next_dist_115brz8._.js:2477
[ 6039442ms] [LOG] [Fast Refresh] rebuilding @ http://localhost:3000/_next/static/chunks/node_modules_next_dist_115brz8._.js:2477
[ 6039451ms] [LOG] [Fast Refresh] done in 113ms @ http://localhost:3000/_next/static/chunks/node_modules_next_dist_115brz8._.js:2477
[ 6041206ms] [LOG] [Fast Refresh] rebuilding @ http://localhost:3000/_next/static/chunks/node_modules_next_dist_115brz8._.js:2477
[ 6041216ms] [LOG] [Fast Refresh] done in 126ms @ http://localhost:3000/_next/static/chunks/node_modules_next_dist_115brz8._.js:2477
[ 6043315ms] [LOG] [Fast Refresh] rebuilding @ http://localhost:3000/_next/static/chunks/node_modules_next_dist_115brz8._.js:2477
[ 6044086ms] [LOG] [Fast Refresh] done in 886ms @ http://localhost:3000/_next/static/chunks/node_modules_next_dist_115brz8._.js:2477
[ 6047546ms] [LOG] [Fast Refresh] rebuilding @ http://localhost:3000/_next/static/chunks/node_modules_next_dist_115brz8._.js:2477
[ 6047660ms] [LOG] [Fast Refresh] done in 227ms @ http://localhost:3000/_next/static/chunks/node_modules_next_dist_115brz8._.js:2477
[ 6052770ms] [LOG] [Fast Refresh] rebuilding @ http://localhost:3000/_next/static/chunks/node_modules_next_dist_115brz8._.js:2477
[ 6052773ms] [LOG] [Fast Refresh] done in 110ms @ http://localhost:3000/_next/static/chunks/node_modules_next_dist_115brz8._.js:2477
[ 6053356ms] [LOG] [Fast Refresh] rebuilding @ http://localhost:3000/_next/static/chunks/node_modules_next_dist_115brz8._.js:2477
[ 6054317ms] [LOG] [Fast Refresh] done in 1066ms @ http://localhost:3000/_next/static/chunks/node_modules_next_dist_115brz8._.js:2477
[ 6054619ms] [LOG] [Fast Refresh] rebuilding @ http://localhost:3000/_next/static/chunks/node_modules_next_dist_115brz8._.js:2477
[ 6054620ms] [LOG] [Fast Refresh] done in 104ms @ http://localhost:3000/_next/static/chunks/node_modules_next_dist_115brz8._.js:2477
[ 6057513ms] [LOG] [Fast Refresh] rebuilding @ http://localhost:3000/_next/static/chunks/node_modules_next_dist_115brz8._.js:2477
[ 6057844ms] [LOG] [Fast Refresh] done in 444ms @ http://localhost:3000/_next/static/chunks/node_modules_next_dist_115brz8._.js:2477
[ 6060238ms] [LOG] [Fast Refresh] rebuilding @ http://localhost:3000/_next/static/chunks/node_modules_next_dist_115brz8._.js:2477
[ 6063613ms] [LOG] [Fast Refresh] done in 3479ms @ http://localhost:3000/_next/static/chunks/node_modules_next_dist_115brz8._.js:2477
[ 6064954ms] [LOG] [Fast Refresh] rebuilding @ http://localhost:3000/_next/static/chunks/node_modules_next_dist_115brz8._.js:2477
[ 6065349ms] [LOG] [Fast Refresh] done in 508ms @ http://localhost:3000/_next/static/chunks/node_modules_next_dist_115brz8._.js:2477
[ 6267063ms] [LOG] [Fast Refresh] rebuilding @ http://localhost:3000/_next/static/chunks/node_modules_next_dist_115brz8._.js:2477
[ 6268089ms] [LOG] [Fast Refresh] done in 212ms @ http://localhost:3000/_next/static/chunks/node_modules_next_dist_115brz8._.js:2477
[ 6270124ms] [LOG] [Fast Refresh] rebuilding @ http://localhost:3000/_next/static/chunks/node_modules_next_dist_115brz8._.js:2477
[ 6270705ms] [LOG] [Fast Refresh] done in 678ms @ http://localhost:3000/_next/static/chunks/node_modules_next_dist_115brz8._.js:2477
[ 6270811ms] [LOG] [Fast Refresh] rebuilding @ http://localhost:3000/_next/static/chunks/node_modules_next_dist_115brz8._.js:2477
[ 6270992ms] [LOG] [Fast Refresh] done in 284ms @ http://localhost:3000/_next/static/chunks/node_modules_next_dist_115brz8._.js:2477
[ 6271164ms] [LOG] [Fast Refresh] rebuilding @ http://localhost:3000/_next/static/chunks/node_modules_next_dist_115brz8._.js:2477
[ 6271438ms] [LOG] [Fast Refresh] done in 378ms @ http://localhost:3000/_next/static/chunks/node_modules_next_dist_115brz8._.js:2477
[ 6493327ms] [ERROR] WebSocket connection to 'ws://localhost:3000/_next/webpack-hmr?id=yBKTW6Z6gd1h3OeZ_tnZZ' failed: Error in connection establishment: net::ERR_CONNECTION_REFUSED @ http://localhost:3000/_next/static/chunks/node_modules_next_dist_client_0fhqo1d._.js:13322
[ 6494961ms] [LOG] [HMR] connected @ http://localhost:3000/_next/static/chunks/node_modules_next_dist_115brz8._.js:2477
[ 6495397ms] [INFO] %cDownload the React DevTools for a better development experience: https://react.dev/link/react-devtools font-weight:bold @ http://localhost:3000/_next/static/chunks/node_modules_next_dist_115brz8._.js:2477
[ 6495427ms] [LOG] [HMR] connected @ http://localhost:3000/_next/static/chunks/node_modules_next_dist_115brz8._.js:2477
[ 6497140ms] [LOG] [Fast Refresh] rebuilding @ http://localhost:3000/_next/static/chunks/node_modules_next_dist_115brz8._.js:2477
[ 6497678ms] [LOG] [Fast Refresh] done in 641ms @ http://localhost:3000/_next/static/chunks/node_modules_next_dist_115brz8._.js:2477
[ 6572221ms] [LOG] [Fast Refresh] rebuilding @ http://localhost:3000/_next/static/chunks/node_modules_next_dist_115brz8._.js:2477
[ 6572357ms] [LOG] [Fast Refresh] done in 237ms @ http://localhost:3000/_next/static/chunks/node_modules_next_dist_115brz8._.js:2477
[ 6580360ms] [LOG] [Fast Refresh] rebuilding @ http://localhost:3000/_next/static/chunks/node_modules_next_dist_115brz8._.js:2477
[ 6580598ms] [LOG] [Fast Refresh] done in 339ms @ http://localhost:3000/_next/static/chunks/node_modules_next_dist_115brz8._.js:2477
[ 6581161ms] [LOG] [Fast Refresh] rebuilding @ http://localhost:3000/_next/static/chunks/node_modules_next_dist_115brz8._.js:2477
[ 6581189ms] [LOG] [Fast Refresh] done in 128ms @ http://localhost:3000/_next/static/chunks/node_modules_next_dist_115brz8._.js:2477
[ 6581469ms] [LOG] [Fast Refresh] rebuilding @ http://localhost:3000/_next/static/chunks/node_modules_next_dist_115brz8._.js:2477
[ 6581489ms] [LOG] [Fast Refresh] done in 121ms @ http://localhost:3000/_next/static/chunks/node_modules_next_dist_115brz8._.js:2477
[ 6629819ms] [LOG] [Fast Refresh] rebuilding @ http://localhost:3000/_next/static/chunks/node_modules_next_dist_115brz8._.js:2477
[ 6629849ms] [LOG] [Fast Refresh] done in 130ms @ http://localhost:3000/_next/static/chunks/node_modules_next_dist_115brz8._.js:2477
[ 6629951ms] [LOG] [Fast Refresh] rebuilding @ http://localhost:3000/_next/static/chunks/node_modules_next_dist_115brz8._.js:2477
[ 6629951ms] [LOG] [Fast Refresh] done in 102ms @ http://localhost:3000/_next/static/chunks/node_modules_next_dist_115brz8._.js:2477
[ 6655769ms] [LOG] [Fast Refresh] rebuilding @ http://localhost:3000/_next/static/chunks/node_modules_next_dist_115brz8._.js:2477
[ 6655783ms] [LOG] [Fast Refresh] done in 115ms @ http://localhost:3000/_next/static/chunks/node_modules_next_dist_115brz8._.js:2477
[ 6731196ms] [LOG] [Fast Refresh] rebuilding @ http://localhost:3000/_next/static/chunks/node_modules_next_dist_115brz8._.js:2477
[ 6733155ms] [LOG] [Fast Refresh] done in 381ms @ http://localhost:3000/_next/static/chunks/node_modules_next_dist_115brz8._.js:2477
[ 6746465ms] [LOG] [Fast Refresh] rebuilding @ http://localhost:3000/_next/static/chunks/node_modules_next_dist_115brz8._.js:2477
[ 6747833ms] [LOG] [Fast Refresh] done in 298ms @ http://localhost:3000/_next/static/chunks/node_modules_next_dist_115brz8._.js:2477
[ 6869295ms] [LOG] [Fast Refresh] rebuilding @ http://localhost:3000/_next/static/chunks/node_modules_next_dist_115brz8._.js:2477
[ 6869455ms] [LOG] [Fast Refresh] done in 261ms @ http://localhost:3000/_next/static/chunks/node_modules_next_dist_115brz8._.js:2477
[ 6905408ms] [LOG] [Fast Refresh] rebuilding @ http://localhost:3000/_next/static/chunks/node_modules_next_dist_115brz8._.js:2477
[ 6905514ms] [LOG] [Fast Refresh] done in 206ms @ http://localhost:3000/_next/static/chunks/node_modules_next_dist_115brz8._.js:2477
[ 6927761ms] [LOG] [Fast Refresh] rebuilding @ http://localhost:3000/_next/static/chunks/node_modules_next_dist_115brz8._.js:2477
[ 6927868ms] [LOG] [Fast Refresh] done in 207ms @ http://localhost:3000/_next/static/chunks/node_modules_next_dist_115brz8._.js:2477
[ 7007644ms] [ERROR] WebSocket connection to 'ws://localhost:3000/_next/webpack-hmr?id=5jd1VOE6RxBUqntG7nSSL' failed: Error in connection establishment: net::ERR_CONNECTION_REFUSED @ http://localhost:3000/_next/static/chunks/node_modules_next_dist_client_0fhqo1d._.js:13322
[ 7010953ms] [ERROR] WebSocket connection to 'ws://localhost:3000/_next/webpack-hmr?id=5jd1VOE6RxBUqntG7nSSL' failed: Error in connection establishment: net::ERR_CONNECTION_REFUSED @ http://localhost:3000/_next/static/chunks/node_modules_next_dist_client_0fhqo1d._.js:13322
[ 7014258ms] [ERROR] WebSocket connection to 'ws://localhost:3000/_next/webpack-hmr?id=5jd1VOE6RxBUqntG7nSSL' failed: Error in connection establishment: net::ERR_CONNECTION_REFUSED @ http://localhost:3000/_next/static/chunks/node_modules_next_dist_client_0fhqo1d._.js:13322
[ 7017565ms] [ERROR] WebSocket connection to 'ws://localhost:3000/_next/webpack-hmr?id=5jd1VOE6RxBUqntG7nSSL' failed: Error in connection establishment: net::ERR_CONNECTION_REFUSED @ http://localhost:3000/_next/static/chunks/node_modules_next_dist_client_0fhqo1d._.js:13322
[ 7019908ms] [LOG] [HMR] connected @ http://localhost:3000/_next/static/chunks/node_modules_next_dist_115brz8._.js:2477
[ 7024580ms] [INFO] %cDownload the React DevTools for a better development experience: https://react.dev/link/react-devtools font-weight:bold @ http://localhost:3000/_next/static/chunks/node_modules_next_dist_115brz8._.js:2477
[ 7024621ms] [LOG] [HMR] connected @ http://localhost:3000/_next/static/chunks/node_modules_next_dist_115brz8._.js:2477
[ 7025427ms] [LOG] [Fast Refresh] rebuilding @ http://localhost:3000/_next/static/chunks/node_modules_next_dist_115brz8._.js:2477
[ 7026019ms] [LOG] [Fast Refresh] done in 693ms @ http://localhost:3000/_next/static/chunks/node_modules_next_dist_115brz8._.js:2477
[ 7027354ms] [LOG] [Fast Refresh] rebuilding @ http://localhost:3000/_next/static/chunks/node_modules_next_dist_115brz8._.js:2477
[ 7027615ms] [LOG] [Fast Refresh] done in 361ms @ http://localhost:3000/_next/static/chunks/node_modules_next_dist_115brz8._.js:2477
[ 7036645ms] [LOG] [Fast Refresh] rebuilding @ http://localhost:3000/_next/static/chunks/node_modules_next_dist_115brz8._.js:2477
[ 7037248ms] [LOG] [Fast Refresh] done in 704ms @ http://localhost:3000/_next/static/chunks/node_modules_next_dist_115brz8._.js:2477
[ 7037380ms] [LOG] [Fast Refresh] rebuilding @ http://localhost:3000/_next/static/chunks/node_modules_next_dist_115brz8._.js:2477
[ 7037387ms] [LOG] [Fast Refresh] done in 108ms @ http://localhost:3000/_next/static/chunks/node_modules_next_dist_115brz8._.js:2477
[ 7047675ms] [LOG] [Fast Refresh] rebuilding @ http://localhost:3000/_next/static/chunks/node_modules_next_dist_115brz8._.js:2477
[ 7048292ms] [LOG] [Fast Refresh] done in 718ms @ http://localhost:3000/_next/static/chunks/node_modules_next_dist_115brz8._.js:2477
[ 7048950ms] [LOG] [Fast Refresh] rebuilding @ http://localhost:3000/_next/static/chunks/node_modules_next_dist_115brz8._.js:2477
[ 7049588ms] [LOG] [Fast Refresh] done in 740ms @ http://localhost:3000/_next/static/chunks/node_modules_next_dist_115brz8._.js:2477
[ 7049980ms] [LOG] [Fast Refresh] rebuilding @ http://localhost:3000/_next/static/chunks/node_modules_next_dist_115brz8._.js:2477
[ 7050427ms] [LOG] [Fast Refresh] done in 547ms @ http://localhost:3000/_next/static/chunks/node_modules_next_dist_115brz8._.js:2477
[ 7067084ms] [LOG] [Fast Refresh] rebuilding @ http://localhost:3000/_next/static/chunks/node_modules_next_dist_115brz8._.js:2477
[ 7067441ms] [LOG] [Fast Refresh] done in 457ms @ http://localhost:3000/_next/static/chunks/node_modules_next_dist_115brz8._.js:2477
[ 7113927ms] [LOG] [Fast Refresh] rebuilding @ http://localhost:3000/_next/static/chunks/node_modules_next_dist_115brz8._.js:2477
[ 7114574ms] [LOG] [Fast Refresh] done in 748ms @ http://localhost:3000/_next/static/chunks/node_modules_next_dist_115brz8._.js:2477
[ 7170795ms] [LOG] [Fast Refresh] rebuilding @ http://localhost:3000/_next/static/chunks/node_modules_next_dist_115brz8._.js:2477
[ 7171422ms] [LOG] [Fast Refresh] done in 728ms @ http://localhost:3000/_next/static/chunks/node_modules_next_dist_115brz8._.js:2477
[ 7176899ms] [LOG] [Fast Refresh] rebuilding @ http://localhost:3000/_next/static/chunks/node_modules_next_dist_115brz8._.js:2477
[ 7179089ms] [LOG] [Fast Refresh] done in 2293ms @ http://localhost:3000/_next/static/chunks/node_modules_next_dist_115brz8._.js:2477
[ 7214928ms] [LOG] [Fast Refresh] rebuilding @ http://localhost:3000/_next/static/chunks/node_modules_next_dist_115brz8._.js:2477
[ 7215160ms] [LOG] [Fast Refresh] done in 333ms @ http://localhost:3000/_next/static/chunks/node_modules_next_dist_115brz8._.js:2477
[ 7228852ms] [LOG] [Fast Refresh] rebuilding @ http://localhost:3000/_next/static/chunks/node_modules_next_dist_115brz8._.js:2477
[ 7229635ms] [LOG] [Fast Refresh] done in 884ms @ http://localhost:3000/_next/static/chunks/node_modules_next_dist_115brz8._.js:2477
[ 7230054ms] [LOG] [Fast Refresh] rebuilding @ http://localhost:3000/_next/static/chunks/node_modules_next_dist_115brz8._.js:2477
[ 7230442ms] [LOG] [Fast Refresh] done in 490ms @ http://localhost:3000/_next/static/chunks/node_modules_next_dist_115brz8._.js:2477
[ 7248929ms] [LOG] [Fast Refresh] rebuilding @ http://localhost:3000/_next/static/chunks/node_modules_next_dist_115brz8._.js:2477
[ 7249044ms] [LOG] [Fast Refresh] done in 216ms @ http://localhost:3000/_next/static/chunks/node_modules_next_dist_115brz8._.js:2477
[ 7271668ms] [LOG] [Fast Refresh] rebuilding @ http://localhost:3000/_next/static/chunks/node_modules_next_dist_115brz8._.js:2477
[ 7272320ms] [LOG] [Fast Refresh] done in 754ms @ http://localhost:3000/_next/static/chunks/node_modules_next_dist_115brz8._.js:2477
[ 7286046ms] [LOG] [Fast Refresh] rebuilding @ http://localhost:3000/_next/static/chunks/node_modules_next_dist_115brz8._.js:2477
[ 7286548ms] [LOG] [Fast Refresh] done in 603ms @ http://localhost:3000/_next/static/chunks/node_modules_next_dist_115brz8._.js:2477
[ 7292198ms] [LOG] [Fast Refresh] rebuilding @ http://localhost:3000/_next/static/chunks/node_modules_next_dist_115brz8._.js:2477
[ 7292709ms] [LOG] [Fast Refresh] done in 611ms @ http://localhost:3000/_next/static/chunks/node_modules_next_dist_115brz8._.js:2477
[ 7312172ms] [LOG] [Fast Refresh] rebuilding @ http://localhost:3000/_next/static/chunks/node_modules_next_dist_115brz8._.js:2477
[ 7312664ms] [LOG] [Fast Refresh] done in 593ms @ http://localhost:3000/_next/static/chunks/node_modules_next_dist_115brz8._.js:2477
[ 7343547ms] [LOG] [Fast Refresh] rebuilding @ http://localhost:3000/_next/static/chunks/node_modules_next_dist_115brz8._.js:2477
[ 7343658ms] [LOG] [Fast Refresh] done in 211ms @ http://localhost:3000/_next/static/chunks/node_modules_next_dist_115brz8._.js:2477
[ 7643272ms] [LOG] [Fast Refresh] rebuilding @ http://localhost:3000/_next/static/chunks/node_modules_next_dist_115brz8._.js:2477
[ 7643884ms] [LOG] [Fast Refresh] done in 713ms @ http://localhost:3000/_next/static/chunks/node_modules_next_dist_115brz8._.js:2477
[ 7644093ms] [LOG] [Fast Refresh] rebuilding @ http://localhost:3000/_next/static/chunks/node_modules_next_dist_115brz8._.js:2477
[ 7644456ms] [LOG] [Fast Refresh] done in 464ms @ http://localhost:3000/_next/static/chunks/node_modules_next_dist_115brz8._.js:2477
[ 7733068ms] [LOG] [Fast Refresh] rebuilding @ http://localhost:3000/_next/static/chunks/node_modules_next_dist_115brz8._.js:2477
[ 7733878ms] [LOG] [Fast Refresh] done in 912ms @ http://localhost:3000/_next/static/chunks/node_modules_next_dist_115brz8._.js:2477
[ 8250836ms] [ERROR] WebSocket connection to 'ws://localhost:3000/_next/webpack-hmr?id=3jgkJ7dnNI_hAEF2k-lEo' failed: Error in connection establishment: net::ERR_CONNECTION_REFUSED @ http://localhost:3000/_next/static/chunks/node_modules_next_dist_client_0fhqo1d._.js:13322
[ 8254142ms] [ERROR] WebSocket connection to 'ws://localhost:3000/_next/webpack-hmr?id=3jgkJ7dnNI_hAEF2k-lEo' failed: Error in connection establishment: net::ERR_CONNECTION_REFUSED @ http://localhost:3000/_next/static/chunks/node_modules_next_dist_client_0fhqo1d._.js:13322
[ 8257448ms] [ERROR] WebSocket connection to 'ws://localhost:3000/_next/webpack-hmr?id=3jgkJ7dnNI_hAEF2k-lEo' failed: Error in connection establishment: net::ERR_CONNECTION_REFUSED @ http://localhost:3000/_next/static/chunks/node_modules_next_dist_client_0fhqo1d._.js:13322
[ 8260752ms] [ERROR] WebSocket connection to 'ws://localhost:3000/_next/webpack-hmr?id=3jgkJ7dnNI_hAEF2k-lEo' failed: Error in connection establishment: net::ERR_CONNECTION_REFUSED @ http://localhost:3000/_next/static/chunks/node_modules_next_dist_client_0fhqo1d._.js:13322
[ 8264058ms] [ERROR] WebSocket connection to 'ws://localhost:3000/_next/webpack-hmr?id=3jgkJ7dnNI_hAEF2k-lEo' failed: Error in connection establishment: net::ERR_CONNECTION_REFUSED @ http://localhost:3000/_next/static/chunks/node_modules_next_dist_client_0fhqo1d._.js:13322
[ 8271369ms] [ERROR] WebSocket connection to 'ws://localhost:3000/_next/webpack-hmr?id=3jgkJ7dnNI_hAEF2k-lEo' failed: Error in connection establishment: net::ERR_CONNECTION_REFUSED @ http://localhost:3000/_next/static/chunks/node_modules_next_dist_client_0fhqo1d._.js:13322
[ 8278681ms] [ERROR] WebSocket connection to 'ws://localhost:3000/_next/webpack-hmr?id=3jgkJ7dnNI_hAEF2k-lEo' failed: Error in connection establishment: net::ERR_CONNECTION_REFUSED @ http://localhost:3000/_next/static/chunks/node_modules_next_dist_client_0fhqo1d._.js:13322
[ 8286002ms] [ERROR] WebSocket connection to 'ws://localhost:3000/_next/webpack-hmr?id=3jgkJ7dnNI_hAEF2k-lEo' failed: Error in connection establishment: net::ERR_CONNECTION_REFUSED @ http://localhost:3000/_next/static/chunks/node_modules_next_dist_client_0fhqo1d._.js:13322
[ 8293314ms] [ERROR] WebSocket connection to 'ws://localhost:3000/_next/webpack-hmr?id=3jgkJ7dnNI_hAEF2k-lEo' failed: Error in connection establishment: net::ERR_CONNECTION_REFUSED @ http://localhost:3000/_next/static/chunks/node_modules_next_dist_client_0fhqo1d._.js:13322
[ 8300640ms] [ERROR] WebSocket connection to 'ws://localhost:3000/_next/webpack-hmr?id=3jgkJ7dnNI_hAEF2k-lEo' failed: Error in connection establishment: net::ERR_CONNECTION_REFUSED @ http://localhost:3000/_next/static/chunks/node_modules_next_dist_client_0fhqo1d._.js:13322
[ 8308010ms] [ERROR] WebSocket connection to 'ws://localhost:3000/_next/webpack-hmr?id=3jgkJ7dnNI_hAEF2k-lEo' failed: Error in connection establishment: net::ERR_CONNECTION_REFUSED @ http://localhost:3000/_next/static/chunks/node_modules_next_dist_client_0fhqo1d._.js:13322
[ 8315455ms] [ERROR] WebSocket connection to 'ws://localhost:3000/_next/webpack-hmr?id=3jgkJ7dnNI_hAEF2k-lEo' failed: Error in connection establishment: net::ERR_CONNECTION_REFUSED @ http://localhost:3000/_next/static/chunks/node_modules_next_dist_client_0fhqo1d._.js:13322
[ 8732340ms] [INFO] %cDownload the React DevTools for a better development experience: https://react.dev/link/react-devtools font-weight:bold @ http://localhost:3000/_next/static/chunks/node_modules_next_dist_115brz8._.js:2477
[ 8732498ms] [LOG] [HMR] connected @ http://localhost:3000/_next/static/chunks/node_modules_next_dist_115brz8._.js:2477
[ 8750504ms] [LOG] [Fast Refresh] rebuilding @ http://localhost:3000/_next/static/chunks/node_modules_next_dist_115brz8._.js:2477
[ 8750534ms] [LOG] [Fast Refresh] done in 130ms @ http://localhost:3000/_next/static/chunks/node_modules_next_dist_115brz8._.js:2477
[ 8784601ms] [LOG] [Fast Refresh] rebuilding @ http://localhost:3000/_next/static/chunks/node_modules_next_dist_115brz8._.js:2477
[ 8784674ms] [LOG] [Fast Refresh] done in 174ms @ http://localhost:3000/_next/static/chunks/node_modules_next_dist_115brz8._.js:2477
[ 8786172ms] [LOG] [Fast Refresh] rebuilding @ http://localhost:3000/_next/static/chunks/node_modules_next_dist_115brz8._.js:2477
[ 8786397ms] [LOG] [Fast Refresh] done in 326ms @ http://localhost:3000/_next/static/chunks/node_modules_next_dist_115brz8._.js:2477
[ 8886016ms] [LOG] [Fast Refresh] rebuilding @ http://localhost:3000/_next/static/chunks/node_modules_next_dist_115brz8._.js:2477
[ 8886062ms] [LOG] [Fast Refresh] done in 148ms @ http://localhost:3000/_next/static/chunks/node_modules_next_dist_115brz8._.js:2477
[ 8886537ms] [LOG] [Fast Refresh] rebuilding @ http://localhost:3000/_next/static/chunks/node_modules_next_dist_115brz8._.js:2477
[ 8886568ms] [LOG] [Fast Refresh] done in 131ms @ http://localhost:3000/_next/static/chunks/node_modules_next_dist_115brz8._.js:2477
[ 8893526ms] [LOG] [Fast Refresh] rebuilding @ http://localhost:3000/_next/static/chunks/node_modules_next_dist_115brz8._.js:2477
[ 8893554ms] [LOG] [Fast Refresh] done in 129ms @ http://localhost:3000/_next/static/chunks/node_modules_next_dist_115brz8._.js:2477
[ 8893697ms] [LOG] [Fast Refresh] rebuilding @ http://localhost:3000/_next/static/chunks/node_modules_next_dist_115brz8._.js:2477
[ 8893751ms] [LOG] [Fast Refresh] done in 154ms @ http://localhost:3000/_next/static/chunks/node_modules_next_dist_115brz8._.js:2477
[ 9572112ms] [LOG] [Fast Refresh] rebuilding @ http://localhost:3000/_next/static/chunks/node_modules_next_dist_115brz8._.js:2477
[ 9572900ms] [LOG] [Fast Refresh] done in 890ms @ http://localhost:3000/_next/static/chunks/node_modules_next_dist_115brz8._.js:2477
[ 9573098ms] [LOG] [Fast Refresh] rebuilding @ http://localhost:3000/_next/static/chunks/node_modules_next_dist_115brz8._.js:2477
[ 9573250ms] [LOG] [Fast Refresh] done in 254ms @ http://localhost:3000/_next/static/chunks/node_modules_next_dist_115brz8._.js:2477
[ 9573685ms] [LOG] [Fast Refresh] rebuilding @ http://localhost:3000/_next/static/chunks/node_modules_next_dist_115brz8._.js:2477
[ 9573693ms] [LOG] [Fast Refresh] done in 110ms @ http://localhost:3000/_next/static/chunks/node_modules_next_dist_115brz8._.js:2477
[ 9575355ms] [LOG] [Fast Refresh] rebuilding @ http://localhost:3000/_next/static/chunks/node_modules_next_dist_115brz8._.js:2477
[ 9575596ms] [LOG] [Fast Refresh] done in 341ms @ http://localhost:3000/_next/static/chunks/node_modules_next_dist_115brz8._.js:2477
[ 9575700ms] [LOG] [Fast Refresh] rebuilding @ http://localhost:3000/_next/static/chunks/node_modules_next_dist_115brz8._.js:2477
[ 9575817ms] [LOG] [Fast Refresh] done in 218ms @ http://localhost:3000/_next/static/chunks/node_modules_next_dist_115brz8._.js:2477
[ 9640857ms] [LOG] [Fast Refresh] rebuilding @ http://localhost:3000/_next/static/chunks/node_modules_next_dist_115brz8._.js:2477
[ 9641643ms] [LOG] [Fast Refresh] done in 873ms @ http://localhost:3000/_next/static/chunks/node_modules_next_dist_115brz8._.js:2477
[ 9641744ms] [LOG] [Fast Refresh] rebuilding @ http://localhost:3000/_next/static/chunks/node_modules_next_dist_115brz8._.js:2477
[ 9642156ms] [LOG] [Fast Refresh] done in 512ms @ http://localhost:3000/_next/static/chunks/node_modules_next_dist_115brz8._.js:2477
[ 9649100ms] [LOG] [Fast Refresh] rebuilding @ http://localhost:3000/_next/static/chunks/node_modules_next_dist_115brz8._.js:2477
[ 9649764ms] [VERBOSE] [DOM] Password forms should have (optionally hidden) username fields for accessibility: (More info: https://goo.gl/9p2vKq) %o @ http://localhost:3000/login:0
[ 9649841ms] [LOG] [Fast Refresh] done in 658ms @ http://localhost:3000/_next/static/chunks/node_modules_next_dist_115brz8._.js:2477
[ 9730914ms] [LOG] [Fast Refresh] rebuilding @ http://localhost:3000/_next/static/chunks/node_modules_next_dist_115brz8._.js:2477
[ 9731556ms] [LOG] [Fast Refresh] done in 744ms @ http://localhost:3000/_next/static/chunks/node_modules_next_dist_115brz8._.js:2477
[ 9732789ms] [LOG] [Fast Refresh] rebuilding @ http://localhost:3000/_next/static/chunks/node_modules_next_dist_115brz8._.js:2477
[ 9733006ms] [LOG] [Fast Refresh] done in 318ms @ http://localhost:3000/_next/static/chunks/node_modules_next_dist_115brz8._.js:2477
[ 9733275ms] [LOG] [Fast Refresh] rebuilding @ http://localhost:3000/_next/static/chunks/node_modules_next_dist_115brz8._.js:2477
[ 9733499ms] [LOG] [Fast Refresh] done in 324ms @ http://localhost:3000/_next/static/chunks/node_modules_next_dist_115brz8._.js:2477
[ 9737883ms] [LOG] [Fast Refresh] rebuilding @ http://localhost:3000/_next/static/chunks/node_modules_next_dist_115brz8._.js:2477
[ 9737905ms] [LOG] [Fast Refresh] done in 122ms @ http://localhost:3000/_next/static/chunks/node_modules_next_dist_115brz8._.js:2477
[ 9738007ms] [LOG] [Fast Refresh] rebuilding @ http://localhost:3000/_next/static/chunks/node_modules_next_dist_115brz8._.js:2477
[ 9738040ms] [LOG] [Fast Refresh] done in 134ms @ http://localhost:3000/_next/static/chunks/node_modules_next_dist_115brz8._.js:2477
[ 9985366ms] [LOG] [Fast Refresh] rebuilding @ http://localhost:3000/_next/static/chunks/node_modules_next_dist_115brz8._.js:2477
[ 9985898ms] [LOG] [Fast Refresh] done in 633ms @ http://localhost:3000/_next/static/chunks/node_modules_next_dist_115brz8._.js:2477
[10410948ms] [LOG] [Fast Refresh] rebuilding @ http://localhost:3000/_next/static/chunks/node_modules_next_dist_115brz8._.js:2477
[10411473ms] [LOG] [Fast Refresh] done in 625ms @ http://localhost:3000/_next/static/chunks/node_modules_next_dist_115brz8._.js:2477
[11002458ms] [LOG] [Fast Refresh] rebuilding @ http://localhost:3000/_next/static/chunks/node_modules_next_dist_115brz8._.js:2477
[11003346ms] [LOG] [Fast Refresh] done in 989ms @ http://localhost:3000/_next/static/chunks/node_modules_next_dist_115brz8._.js:2477
[11007771ms] [LOG] [Fast Refresh] rebuilding @ http://localhost:3000/_next/static/chunks/node_modules_next_dist_115brz8._.js:2477
[11007999ms] [LOG] [Fast Refresh] done in 330ms @ http://localhost:3000/_next/static/chunks/node_modules_next_dist_115brz8._.js:2477
[11011324ms] [LOG] [Fast Refresh] rebuilding @ http://localhost:3000/_next/static/chunks/node_modules_next_dist_115brz8._.js:2477
[11011498ms] [LOG] [Fast Refresh] done in 275ms @ http://localhost:3000/_next/static/chunks/node_modules_next_dist_115brz8._.js:2477
[11400354ms] [LOG] [Fast Refresh] rebuilding @ http://localhost:3000/_next/static/chunks/node_modules_next_dist_115brz8._.js:2477
[11401047ms] [LOG] [Fast Refresh] done in 791ms @ http://localhost:3000/_next/static/chunks/node_modules_next_dist_115brz8._.js:2477
[11401523ms] [LOG] [Fast Refresh] rebuilding @ http://localhost:3000/_next/static/chunks/node_modules_next_dist_115brz8._.js:2477
[11401556ms] [LOG] [Fast Refresh] done in 133ms @ http://localhost:3000/_next/static/chunks/node_modules_next_dist_115brz8._.js:2477
[11463313ms] [LOG] [Fast Refresh] rebuilding @ http://localhost:3000/_next/static/chunks/node_modules_next_dist_115brz8._.js:2477
[11463469ms] [LOG] [Fast Refresh] done in 256ms @ http://localhost:3000/_next/static/chunks/node_modules_next_dist_115brz8._.js:2477
[11602117ms] [LOG] [Fast Refresh] rebuilding @ http://localhost:3000/_next/static/chunks/node_modules_next_dist_115brz8._.js:2477
[11602390ms] [LOG] [Fast Refresh] done in 135ms @ http://localhost:3000/_next/static/chunks/node_modules_next_dist_115brz8._.js:2477
[11609651ms] [LOG] [Fast Refresh] rebuilding @ http://localhost:3000/_next/static/chunks/node_modules_next_dist_115brz8._.js:2477
[11609925ms] [LOG] [Fast Refresh] done in 94ms @ http://localhost:3000/_next/static/chunks/node_modules_next_dist_115brz8._.js:2477
[11709422ms] [LOG] [Fast Refresh] rebuilding @ http://localhost:3000/_next/static/chunks/node_modules_next_dist_115brz8._.js:2477
[11709675ms] [LOG] [Fast Refresh] done in 141ms @ http://localhost:3000/_next/static/chunks/node_modules_next_dist_115brz8._.js:2477
[11840669ms] [LOG] [Fast Refresh] rebuilding @ http://localhost:3000/_next/static/chunks/node_modules_next_dist_115brz8._.js:2477
[11841359ms] [LOG] [Fast Refresh] done in 792ms @ http://localhost:3000/_next/static/chunks/node_modules_next_dist_115brz8._.js:2477
[11868701ms] [LOG] [Fast Refresh] rebuilding @ http://localhost:3000/_next/static/chunks/node_modules_next_dist_115brz8._.js:2477
[11869623ms] [LOG] [Fast Refresh] done in 414ms @ http://localhost:3000/_next/static/chunks/node_modules_next_dist_115brz8._.js:2477
[11870065ms] [LOG] [Fast Refresh] rebuilding @ http://localhost:3000/_next/static/chunks/node_modules_next_dist_115brz8._.js:2477
[11870073ms] [LOG] [Fast Refresh] done in 109ms @ http://localhost:3000/_next/static/chunks/node_modules_next_dist_115brz8._.js:2477
[11870284ms] [LOG] [Fast Refresh] rebuilding @ http://localhost:3000/_next/static/chunks/node_modules_next_dist_115brz8._.js:2477
[11870290ms] [LOG] [Fast Refresh] done in 106ms @ http://localhost:3000/_next/static/chunks/node_modules_next_dist_115brz8._.js:2477
[11870406ms] [LOG] [Fast Refresh] rebuilding @ http://localhost:3000/_next/static/chunks/node_modules_next_dist_115brz8._.js:2477
[11870423ms] [LOG] [Fast Refresh] done in 117ms @ http://localhost:3000/_next/static/chunks/node_modules_next_dist_115brz8._.js:2477
[11870612ms] [LOG] [Fast Refresh] rebuilding @ http://localhost:3000/_next/static/chunks/node_modules_next_dist_115brz8._.js:2477
[11870624ms] [LOG] [Fast Refresh] done in 112ms @ http://localhost:3000/_next/static/chunks/node_modules_next_dist_115brz8._.js:2477
[11870727ms] [LOG] [Fast Refresh] rebuilding @ http://localhost:3000/_next/static/chunks/node_modules_next_dist_115brz8._.js:2477
[11870751ms] [LOG] [Fast Refresh] done in 125ms @ http://localhost:3000/_next/static/chunks/node_modules_next_dist_115brz8._.js:2477
[11870935ms] [LOG] [Fast Refresh] rebuilding @ http://localhost:3000/_next/static/chunks/node_modules_next_dist_115brz8._.js:2477
[11870937ms] [LOG] [Fast Refresh] done in 103ms @ http://localhost:3000/_next/static/chunks/node_modules_next_dist_115brz8._.js:2477
[11871054ms] [LOG] [Fast Refresh] rebuilding @ http://localhost:3000/_next/static/chunks/node_modules_next_dist_115brz8._.js:2477
[11871071ms] [LOG] [Fast Refresh] done in 118ms @ http://localhost:3000/_next/static/chunks/node_modules_next_dist_115brz8._.js:2477
[11871172ms] [LOG] [Fast Refresh] rebuilding @ http://localhost:3000/_next/static/chunks/node_modules_next_dist_115brz8._.js:2477
[11871195ms] [LOG] [Fast Refresh] done in 123ms @ http://localhost:3000/_next/static/chunks/node_modules_next_dist_115brz8._.js:2477
[11871417ms] [LOG] [Fast Refresh] rebuilding @ http://localhost:3000/_next/static/chunks/node_modules_next_dist_115brz8._.js:2477
[11871426ms] [LOG] [Fast Refresh] done in 111ms @ http://localhost:3000/_next/static/chunks/node_modules_next_dist_115brz8._.js:2477
[11872465ms] [LOG] [Fast Refresh] rebuilding @ http://localhost:3000/_next/static/chunks/node_modules_next_dist_115brz8._.js:2477
[11872469ms] [LOG] [Fast Refresh] done in 105ms @ http://localhost:3000/_next/static/chunks/node_modules_next_dist_115brz8._.js:2477
[11876689ms] [LOG] [Fast Refresh] rebuilding @ http://localhost:3000/_next/static/chunks/node_modules_next_dist_115brz8._.js:2477
[11876692ms] [LOG] [Fast Refresh] done in 103ms @ http://localhost:3000/_next/static/chunks/node_modules_next_dist_115brz8._.js:2477
[12011375ms] [LOG] [Fast Refresh] rebuilding @ http://localhost:3000/_next/static/chunks/node_modules_next_dist_115brz8._.js:2477
[12011793ms] [LOG] [Fast Refresh] done in 519ms @ http://localhost:3000/_next/static/chunks/node_modules_next_dist_115brz8._.js:2477
[12028001ms] [LOG] [Fast Refresh] rebuilding @ http://localhost:3000/_next/static/chunks/node_modules_next_dist_115brz8._.js:2477
[12028771ms] [LOG] [Fast Refresh] done in 435ms @ http://localhost:3000/_next/static/chunks/node_modules_next_dist_115brz8._.js:2477
[12029454ms] [LOG] [Fast Refresh] rebuilding @ http://localhost:3000/_next/static/chunks/node_modules_next_dist_115brz8._.js:2477
[12029457ms] [LOG] [Fast Refresh] done in 103ms @ http://localhost:3000/_next/static/chunks/node_modules_next_dist_115brz8._.js:2477
[12029651ms] [LOG] [Fast Refresh] rebuilding @ http://localhost:3000/_next/static/chunks/node_modules_next_dist_115brz8._.js:2477
[12029658ms] [LOG] [Fast Refresh] done in 108ms @ http://localhost:3000/_next/static/chunks/node_modules_next_dist_115brz8._.js:2477
[12029772ms] [LOG] [Fast Refresh] rebuilding @ http://localhost:3000/_next/static/chunks/node_modules_next_dist_115brz8._.js:2477
[12029794ms] [LOG] [Fast Refresh] done in 124ms @ http://localhost:3000/_next/static/chunks/node_modules_next_dist_115brz8._.js:2477
[12030102ms] [LOG] [Fast Refresh] rebuilding @ http://localhost:3000/_next/static/chunks/node_modules_next_dist_115brz8._.js:2477
[12030126ms] [LOG] [Fast Refresh] done in 125ms @ http://localhost:3000/_next/static/chunks/node_modules_next_dist_115brz8._.js:2477
[12030388ms] [LOG] [Fast Refresh] rebuilding @ http://localhost:3000/_next/static/chunks/node_modules_next_dist_115brz8._.js:2477
[12030392ms] [LOG] [Fast Refresh] done in 105ms @ http://localhost:3000/_next/static/chunks/node_modules_next_dist_115brz8._.js:2477
[12030501ms] [LOG] [Fast Refresh] rebuilding @ http://localhost:3000/_next/static/chunks/node_modules_next_dist_115brz8._.js:2477
[12030514ms] [LOG] [Fast Refresh] done in 113ms @ http://localhost:3000/_next/static/chunks/node_modules_next_dist_115brz8._.js:2477
[12030695ms] [LOG] [Fast Refresh] rebuilding @ http://localhost:3000/_next/static/chunks/node_modules_next_dist_115brz8._.js:2477
[12030710ms] [LOG] [Fast Refresh] done in 116ms @ http://localhost:3000/_next/static/chunks/node_modules_next_dist_115brz8._.js:2477
[12030812ms] [LOG] [Fast Refresh] rebuilding @ http://localhost:3000/_next/static/chunks/node_modules_next_dist_115brz8._.js:2477
[12030857ms] [LOG] [Fast Refresh] done in 146ms @ http://localhost:3000/_next/static/chunks/node_modules_next_dist_115brz8._.js:2477
[12031497ms] [LOG] [Fast Refresh] rebuilding @ http://localhost:3000/_next/static/chunks/node_modules_next_dist_115brz8._.js:2477
[12031501ms] [LOG] [Fast Refresh] done in 104ms @ http://localhost:3000/_next/static/chunks/node_modules_next_dist_115brz8._.js:2477
[12031618ms] [LOG] [Fast Refresh] rebuilding @ http://localhost:3000/_next/static/chunks/node_modules_next_dist_115brz8._.js:2477
[12031633ms] [LOG] [Fast Refresh] done in 116ms @ http://localhost:3000/_next/static/chunks/node_modules_next_dist_115brz8._.js:2477
[12031873ms] [LOG] [Fast Refresh] rebuilding @ http://localhost:3000/_next/static/chunks/node_modules_next_dist_115brz8._.js:2477
[12031892ms] [LOG] [Fast Refresh] done in 121ms @ http://localhost:3000/_next/static/chunks/node_modules_next_dist_115brz8._.js:2477
[12031994ms] [LOG] [Fast Refresh] rebuilding @ http://localhost:3000/_next/static/chunks/node_modules_next_dist_115brz8._.js:2477
[12032014ms] [LOG] [Fast Refresh] done in 121ms @ http://localhost:3000/_next/static/chunks/node_modules_next_dist_115brz8._.js:2477
[12032341ms] [LOG] [Fast Refresh] rebuilding @ http://localhost:3000/_next/static/chunks/node_modules_next_dist_115brz8._.js:2477
[12032342ms] [LOG] [Fast Refresh] done in 102ms @ http://localhost:3000/_next/static/chunks/node_modules_next_dist_115brz8._.js:2477
[12032529ms] [LOG] [Fast Refresh] rebuilding @ http://localhost:3000/_next/static/chunks/node_modules_next_dist_115brz8._.js:2477
[12032535ms] [LOG] [Fast Refresh] done in 106ms @ http://localhost:3000/_next/static/chunks/node_modules_next_dist_115brz8._.js:2477
[12032657ms] [LOG] [Fast Refresh] rebuilding @ http://localhost:3000/_next/static/chunks/node_modules_next_dist_115brz8._.js:2477
[12032674ms] [LOG] [Fast Refresh] done in 119ms @ http://localhost:3000/_next/static/chunks/node_modules_next_dist_115brz8._.js:2477
[12032846ms] [LOG] [Fast Refresh] rebuilding @ http://localhost:3000/_next/static/chunks/node_modules_next_dist_115brz8._.js:2477
[12032852ms] [LOG] [Fast Refresh] done in 107ms @ http://localhost:3000/_next/static/chunks/node_modules_next_dist_115brz8._.js:2477
[12032963ms] [LOG] [Fast Refresh] rebuilding @ http://localhost:3000/_next/static/chunks/node_modules_next_dist_115brz8._.js:2477
[12032983ms] [LOG] [Fast Refresh] done in 121ms @ http://localhost:3000/_next/static/chunks/node_modules_next_dist_115brz8._.js:2477
[12033314ms] [LOG] [Fast Refresh] rebuilding @ http://localhost:3000/_next/static/chunks/node_modules_next_dist_115brz8._.js:2477
[12033335ms] [LOG] [Fast Refresh] done in 122ms @ http://localhost:3000/_next/static/chunks/node_modules_next_dist_115brz8._.js:2477
[12033436ms] [LOG] [Fast Refresh] rebuilding @ http://localhost:3000/_next/static/chunks/node_modules_next_dist_115brz8._.js:2477
[12033472ms] [LOG] [Fast Refresh] done in 137ms @ http://localhost:3000/_next/static/chunks/node_modules_next_dist_115brz8._.js:2477
[12033697ms] [LOG] [Fast Refresh] rebuilding @ http://localhost:3000/_next/static/chunks/node_modules_next_dist_115brz8._.js:2477
[12033713ms] [LOG] [Fast Refresh] done in 116ms @ http://localhost:3000/_next/static/chunks/node_modules_next_dist_115brz8._.js:2477
[12034037ms] [LOG] [Fast Refresh] rebuilding @ http://localhost:3000/_next/static/chunks/node_modules_next_dist_115brz8._.js:2477
[12034055ms] [LOG] [Fast Refresh] done in 118ms @ http://localhost:3000/_next/static/chunks/node_modules_next_dist_115brz8._.js:2477
[12034158ms] [LOG] [Fast Refresh] rebuilding @ http://localhost:3000/_next/static/chunks/node_modules_next_dist_115brz8._.js:2477
[12034189ms] [LOG] [Fast Refresh] done in 134ms @ http://localhost:3000/_next/static/chunks/node_modules_next_dist_115brz8._.js:2477
[12034382ms] [LOG] [Fast Refresh] rebuilding @ http://localhost:3000/_next/static/chunks/node_modules_next_dist_115brz8._.js:2477
[12034387ms] [LOG] [Fast Refresh] done in 105ms @ http://localhost:3000/_next/static/chunks/node_modules_next_dist_115brz8._.js:2477
[12034503ms] [LOG] [Fast Refresh] rebuilding @ http://localhost:3000/_next/static/chunks/node_modules_next_dist_115brz8._.js:2477
[12034508ms] [LOG] [Fast Refresh] done in 106ms @ http://localhost:3000/_next/static/chunks/node_modules_next_dist_115brz8._.js:2477
[12034798ms] [LOG] [Fast Refresh] rebuilding @ http://localhost:3000/_next/static/chunks/node_modules_next_dist_115brz8._.js:2477
[12034802ms] [LOG] [Fast Refresh] done in 105ms @ http://localhost:3000/_next/static/chunks/node_modules_next_dist_115brz8._.js:2477
[12034989ms] [LOG] [Fast Refresh] rebuilding @ http://localhost:3000/_next/static/chunks/node_modules_next_dist_115brz8._.js:2477
[12034990ms] [LOG] [Fast Refresh] done in 103ms @ http://localhost:3000/_next/static/chunks/node_modules_next_dist_115brz8._.js:2477
[12035111ms] [LOG] [Fast Refresh] rebuilding @ http://localhost:3000/_next/static/chunks/node_modules_next_dist_115brz8._.js:2477
[12035166ms] [LOG] [Fast Refresh] done in 157ms @ http://localhost:3000/_next/static/chunks/node_modules_next_dist_115brz8._.js:2477
[12035439ms] [LOG] [Fast Refresh] rebuilding @ http://localhost:3000/_next/static/chunks/node_modules_next_dist_115brz8._.js:2477
[12035447ms] [LOG] [Fast Refresh] done in 109ms @ http://localhost:3000/_next/static/chunks/node_modules_next_dist_115brz8._.js:2477
[12036436ms] [LOG] [Fast Refresh] rebuilding @ http://localhost:3000/_next/static/chunks/node_modules_next_dist_115brz8._.js:2477
[12036478ms] [LOG] [Fast Refresh] done in 143ms @ http://localhost:3000/_next/static/chunks/node_modules_next_dist_115brz8._.js:2477
[12036579ms] [LOG] [Fast Refresh] rebuilding @ http://localhost:3000/_next/static/chunks/node_modules_next_dist_115brz8._.js:2477
[12036582ms] [LOG] [Fast Refresh] done in 103ms @ http://localhost:3000/_next/static/chunks/node_modules_next_dist_115brz8._.js:2477
[12036753ms] [LOG] [Fast Refresh] rebuilding @ http://localhost:3000/_next/static/chunks/node_modules_next_dist_115brz8._.js:2477
[12036826ms] [LOG] [Fast Refresh] done in 175ms @ http://localhost:3000/_next/static/chunks/node_modules_next_dist_115brz8._.js:2477
[12037143ms] [LOG] [Fast Refresh] rebuilding @ http://localhost:3000/_next/static/chunks/node_modules_next_dist_115brz8._.js:2477
[12037148ms] [LOG] [Fast Refresh] done in 105ms @ http://localhost:3000/_next/static/chunks/node_modules_next_dist_115brz8._.js:2477
[12121906ms] [LOG] [Fast Refresh] rebuilding @ http://localhost:3000/_next/static/chunks/node_modules_next_dist_115brz8._.js:2477
[12122506ms] [LOG] [Fast Refresh] done in 700ms @ http://localhost:3000/_next/static/chunks/node_modules_next_dist_115brz8._.js:2477
[12128399ms] [LOG] [Fast Refresh] rebuilding @ http://localhost:3000/_next/static/chunks/node_modules_next_dist_115brz8._.js:2477
[12129213ms] [LOG] [Fast Refresh] done in 916ms @ http://localhost:3000/_next/static/chunks/node_modules_next_dist_115brz8._.js:2477
[12132586ms] [LOG] [Fast Refresh] rebuilding @ http://localhost:3000/_next/static/chunks/node_modules_next_dist_115brz8._.js:2477
[12133165ms] [LOG] [Fast Refresh] done in 679ms @ http://localhost:3000/_next/static/chunks/node_modules_next_dist_115brz8._.js:2477
[12176426ms] [LOG] [Fast Refresh] rebuilding @ http://localhost:3000/_next/static/chunks/node_modules_next_dist_115brz8._.js:2477
[12177069ms] [LOG] [Fast Refresh] done in 739ms @ http://localhost:3000/_next/static/chunks/node_modules_next_dist_115brz8._.js:2477
[12177487ms] [LOG] [Fast Refresh] rebuilding @ http://localhost:3000/_next/static/chunks/node_modules_next_dist_115brz8._.js:2477
[12177652ms] [LOG] [Fast Refresh] done in 266ms @ http://localhost:3000/_next/static/chunks/node_modules_next_dist_115brz8._.js:2477
[12177845ms] [LOG] [Fast Refresh] rebuilding @ http://localhost:3000/_next/static/chunks/node_modules_next_dist_115brz8._.js:2477
[12178669ms] [LOG] [Fast Refresh] done in 922ms @ http://localhost:3000/_next/static/chunks/node_modules_next_dist_115brz8._.js:2477
[12178771ms] [LOG] [Fast Refresh] rebuilding @ http://localhost:3000/_next/static/chunks/node_modules_next_dist_115brz8._.js:2477
[12178910ms] [LOG] [Fast Refresh] done in 240ms @ http://localhost:3000/_next/static/chunks/node_modules_next_dist_115brz8._.js:2477
[12179057ms] [LOG] [Fast Refresh] rebuilding @ http://localhost:3000/_next/static/chunks/node_modules_next_dist_115brz8._.js:2477
[12179473ms] [LOG] [Fast Refresh] done in 515ms @ http://localhost:3000/_next/static/chunks/node_modules_next_dist_115brz8._.js:2477
[12198592ms] [LOG] [Fast Refresh] rebuilding @ http://localhost:3000/_next/static/chunks/node_modules_next_dist_115brz8._.js:2477
[12199277ms] [LOG] [Fast Refresh] done in 782ms @ http://localhost:3000/_next/static/chunks/node_modules_next_dist_115brz8._.js:2477
[12199379ms] [LOG] [Fast Refresh] rebuilding @ http://localhost:3000/_next/static/chunks/node_modules_next_dist_115brz8._.js:2477
[12199496ms] [LOG] [Fast Refresh] done in 217ms @ http://localhost:3000/_next/static/chunks/node_modules_next_dist_115brz8._.js:2477
[12199641ms] [LOG] [Fast Refresh] rebuilding @ http://localhost:3000/_next/static/chunks/node_modules_next_dist_115brz8._.js:2477
[12199791ms] [LOG] [Fast Refresh] done in 252ms @ http://localhost:3000/_next/static/chunks/node_modules_next_dist_115brz8._.js:2477
[12214279ms] [LOG] [Fast Refresh] rebuilding @ http://localhost:3000/_next/static/chunks/node_modules_next_dist_115brz8._.js:2477
[12214957ms] [LOG] [Fast Refresh] done in 776ms @ http://localhost:3000/_next/static/chunks/node_modules_next_dist_115brz8._.js:2477
[12215060ms] [LOG] [Fast Refresh] rebuilding @ http://localhost:3000/_next/static/chunks/node_modules_next_dist_115brz8._.js:2477
[12215200ms] [LOG] [Fast Refresh] done in 242ms @ http://localhost:3000/_next/static/chunks/node_modules_next_dist_115brz8._.js:2477
[12215345ms] [LOG] [Fast Refresh] rebuilding @ http://localhost:3000/_next/static/chunks/node_modules_next_dist_115brz8._.js:2477
[12215379ms] [LOG] [Fast Refresh] done in 134ms @ http://localhost:3000/_next/static/chunks/node_modules_next_dist_115brz8._.js:2477
[12215480ms] [LOG] [Fast Refresh] rebuilding @ http://localhost:3000/_next/static/chunks/node_modules_next_dist_115brz8._.js:2477
[12215584ms] [LOG] [Fast Refresh] done in 204ms @ http://localhost:3000/_next/static/chunks/node_modules_next_dist_115brz8._.js:2477
[17378019ms] [LOG] [Fast Refresh] rebuilding @ http://localhost:3000/_next/static/chunks/node_modules_next_dist_115brz8._.js:2477
[17380248ms] [LOG] [Fast Refresh] done in 2333ms @ http://localhost:3000/_next/static/chunks/node_modules_next_dist_115brz8._.js:2477
[17383114ms] [LOG] [Fast Refresh] rebuilding @ http://localhost:3000/_next/static/chunks/node_modules_next_dist_115brz8._.js:2477
[17383498ms] [LOG] [Fast Refresh] done in 485ms @ http://localhost:3000/_next/static/chunks/node_modules_next_dist_115brz8._.js:2477
[17466061ms] [LOG] [Fast Refresh] rebuilding @ http://localhost:3000/_next/static/chunks/node_modules_next_dist_115brz8._.js:2477
[17466110ms] [LOG] [Fast Refresh] done in 149ms @ http://localhost:3000/_next/static/chunks/node_modules_next_dist_115brz8._.js:2477
[17466532ms] [LOG] [Fast Refresh] rebuilding @ http://localhost:3000/_next/static/chunks/node_modules_next_dist_115brz8._.js:2477
[17467178ms] [LOG] [Fast Refresh] done in 747ms @ http://localhost:3000/_next/static/chunks/node_modules_next_dist_115brz8._.js:2477
[17467410ms] [LOG] [Fast Refresh] rebuilding @ http://localhost:3000/_next/static/chunks/node_modules_next_dist_115brz8._.js:2477
[17467642ms] [LOG] [Fast Refresh] done in 333ms @ http://localhost:3000/_next/static/chunks/node_modules_next_dist_115brz8._.js:2477
[17474382ms] [LOG] [Fast Refresh] rebuilding @ http://localhost:3000/_next/static/chunks/node_modules_next_dist_115brz8._.js:2477
[17474585ms] [LOG] [Fast Refresh] done in 304ms @ http://localhost:3000/_next/static/chunks/node_modules_next_dist_115brz8._.js:2477
[17474786ms] [LOG] [Fast Refresh] rebuilding @ http://localhost:3000/_next/static/chunks/node_modules_next_dist_115brz8._.js:2477
[17474819ms] [LOG] [Fast Refresh] done in 135ms @ http://localhost:3000/_next/static/chunks/node_modules_next_dist_115brz8._.js:2477
[17475002ms] [LOG] [Fast Refresh] rebuilding @ http://localhost:3000/_next/static/chunks/node_modules_next_dist_115brz8._.js:2477
[17475036ms] [LOG] [Fast Refresh] done in 134ms @ http://localhost:3000/_next/static/chunks/node_modules_next_dist_115brz8._.js:2477
[17476401ms] [LOG] [Fast Refresh] rebuilding @ http://localhost:3000/_next/static/chunks/node_modules_next_dist_115brz8._.js:2477
[17476551ms] [LOG] [Fast Refresh] done in 252ms @ http://localhost:3000/_next/static/chunks/node_modules_next_dist_115brz8._.js:2477
[17478059ms] [LOG] [Fast Refresh] rebuilding @ http://localhost:3000/_next/static/chunks/node_modules_next_dist_115brz8._.js:2477
[17478275ms] [LOG] [Fast Refresh] done in 317ms @ http://localhost:3000/_next/static/chunks/node_modules_next_dist_115brz8._.js:2477
[17483969ms] [LOG] [Fast Refresh] rebuilding @ http://localhost:3000/_next/static/chunks/node_modules_next_dist_115brz8._.js:2477
[17484119ms] [LOG] [Fast Refresh] done in 250ms @ http://localhost:3000/_next/static/chunks/node_modules_next_dist_115brz8._.js:2477
[17708439ms] [LOG] [Fast Refresh] rebuilding @ http://localhost:3000/_next/static/chunks/node_modules_next_dist_115brz8._.js:2477
[17708801ms] [LOG] [Fast Refresh] done in 454ms @ http://localhost:3000/_next/static/chunks/node_modules_next_dist_115brz8._.js:2477
[17708906ms] [LOG] [Fast Refresh] rebuilding @ http://localhost:3000/_next/static/chunks/node_modules_next_dist_115brz8._.js:2477
[17708966ms] [LOG] [Fast Refresh] done in 160ms @ http://localhost:3000/_next/static/chunks/node_modules_next_dist_115brz8._.js:2477
[17712183ms] [LOG] [Fast Refresh] rebuilding @ http://localhost:3000/_next/static/chunks/node_modules_next_dist_115brz8._.js:2477
[17712227ms] [LOG] [Fast Refresh] done in 144ms @ http://localhost:3000/_next/static/chunks/node_modules_next_dist_115brz8._.js:2477
[17712915ms] [LOG] [Fast Refresh] rebuilding @ http://localhost:3000/_next/static/chunks/node_modules_next_dist_115brz8._.js:2477
[17713060ms] [LOG] [Fast Refresh] done in 246ms @ http://localhost:3000/_next/static/chunks/node_modules_next_dist_115brz8._.js:2477
[17713405ms] [LOG] [Fast Refresh] rebuilding @ http://localhost:3000/_next/static/chunks/node_modules_next_dist_115brz8._.js:2477
[17713586ms] [LOG] [Fast Refresh] done in 281ms @ http://localhost:3000/_next/static/chunks/node_modules_next_dist_115brz8._.js:2477
[17715515ms] [LOG] [Fast Refresh] rebuilding @ http://localhost:3000/_next/static/chunks/node_modules_next_dist_115brz8._.js:2477
[17715685ms] [LOG] [Fast Refresh] done in 271ms @ http://localhost:3000/_next/static/chunks/node_modules_next_dist_115brz8._.js:2477
[17717538ms] [LOG] [Fast Refresh] rebuilding @ http://localhost:3000/_next/static/chunks/node_modules_next_dist_115brz8._.js:2477
[17717702ms] [LOG] [Fast Refresh] done in 265ms @ http://localhost:3000/_next/static/chunks/node_modules_next_dist_115brz8._.js:2477
[17719076ms] [LOG] [Fast Refresh] rebuilding @ http://localhost:3000/_next/static/chunks/node_modules_next_dist_115brz8._.js:2477
[17719194ms] [LOG] [Fast Refresh] done in 219ms @ http://localhost:3000/_next/static/chunks/node_modules_next_dist_115brz8._.js:2477
[17719295ms] [LOG] [Fast Refresh] rebuilding @ http://localhost:3000/_next/static/chunks/node_modules_next_dist_115brz8._.js:2477
[17719426ms] [LOG] [Fast Refresh] done in 231ms @ http://localhost:3000/_next/static/chunks/node_modules_next_dist_115brz8._.js:2477
[17931267ms] [LOG] [Fast Refresh] rebuilding @ http://localhost:3000/_next/static/chunks/node_modules_next_dist_115brz8._.js:2477
[17931296ms] [LOG] [Fast Refresh] done in 131ms @ http://localhost:3000/_next/static/chunks/node_modules_next_dist_115brz8._.js:2477
[17940543ms] [LOG] [Fast Refresh] rebuilding @ http://localhost:3000/_next/static/chunks/node_modules_next_dist_115brz8._.js:2477
[17940563ms] [LOG] [Fast Refresh] done in 122ms @ http://localhost:3000/_next/static/chunks/node_modules_next_dist_115brz8._.js:2477
[17940786ms] [LOG] [Fast Refresh] rebuilding @ http://localhost:3000/_next/static/chunks/node_modules_next_dist_115brz8._.js:2477
[17940792ms] [LOG] [Fast Refresh] done in 107ms @ http://localhost:3000/_next/static/chunks/node_modules_next_dist_115brz8._.js:2477
[17953986ms] [LOG] [Fast Refresh] rebuilding @ http://localhost:3000/_next/static/chunks/node_modules_next_dist_115brz8._.js:2477
[17953987ms] [LOG] [Fast Refresh] done in 101ms @ http://localhost:3000/_next/static/chunks/node_modules_next_dist_115brz8._.js:2477
[18145416ms] [LOG] [Fast Refresh] rebuilding @ http://localhost:3000/_next/static/chunks/node_modules_next_dist_115brz8._.js:2477
[18145774ms] [LOG] [Fast Refresh] done in 459ms @ http://localhost:3000/_next/static/chunks/node_modules_next_dist_115brz8._.js:2477
[18145949ms] [LOG] [Fast Refresh] rebuilding @ http://localhost:3000/_next/static/chunks/node_modules_next_dist_115brz8._.js:2477
[18145984ms] [LOG] [Fast Refresh] done in 137ms @ http://localhost:3000/_next/static/chunks/node_modules_next_dist_115brz8._.js:2477
[18146085ms] [LOG] [Fast Refresh] rebuilding @ http://localhost:3000/_next/static/chunks/node_modules_next_dist_115brz8._.js:2477
[18146168ms] [LOG] [Fast Refresh] done in 183ms @ http://localhost:3000/_next/static/chunks/node_modules_next_dist_115brz8._.js:2477
[18148610ms] [LOG] [Fast Refresh] rebuilding @ http://localhost:3000/_next/static/chunks/node_modules_next_dist_115brz8._.js:2477
[18149128ms] [LOG] [Fast Refresh] done in 618ms @ http://localhost:3000/_next/static/chunks/node_modules_next_dist_115brz8._.js:2477
[18291148ms] [LOG] [Fast Refresh] rebuilding @ http://localhost:3000/_next/static/chunks/node_modules_next_dist_115brz8._.js:2477
[18291603ms] [LOG] [Fast Refresh] done in 393ms @ http://localhost:3000/_next/static/chunks/node_modules_next_dist_115brz8._.js:2477
[18395682ms] [LOG] [Fast Refresh] rebuilding @ http://localhost:3000/_next/static/chunks/node_modules_next_dist_115brz8._.js:2477
[18395719ms] [LOG] [Fast Refresh] done in 138ms @ http://localhost:3000/_next/static/chunks/node_modules_next_dist_115brz8._.js:2477
[18415649ms] [LOG] [Fast Refresh] rebuilding @ http://localhost:3000/_next/static/chunks/node_modules_next_dist_115brz8._.js:2477
[18416014ms] [LOG] [Fast Refresh] done in 316ms @ http://localhost:3000/_next/static/chunks/node_modules_next_dist_115brz8._.js:2477
[18417831ms] [LOG] [Fast Refresh] rebuilding @ http://localhost:3000/_next/static/chunks/node_modules_next_dist_115brz8._.js:2477
[18418271ms] [LOG] [Fast Refresh] done in 325ms @ http://localhost:3000/_next/static/chunks/node_modules_next_dist_115brz8._.js:2477
[18418389ms] [LOG] [Fast Refresh] rebuilding @ http://localhost:3000/_next/static/chunks/node_modules_next_dist_115brz8._.js:2477
[18418417ms] [LOG] [Fast Refresh] done in 128ms @ http://localhost:3000/_next/static/chunks/node_modules_next_dist_115brz8._.js:2477
[18419767ms] [LOG] [Fast Refresh] rebuilding @ http://localhost:3000/_next/static/chunks/node_modules_next_dist_115brz8._.js:2477
[18419993ms] [LOG] [Fast Refresh] done in 300ms @ http://localhost:3000/_next/static/chunks/node_modules_next_dist_115brz8._.js:2477
[18420095ms] [LOG] [Fast Refresh] rebuilding @ http://localhost:3000/_next/static/chunks/node_modules_next_dist_115brz8._.js:2477
[18420131ms] [LOG] [Fast Refresh] done in 137ms @ http://localhost:3000/_next/static/chunks/node_modules_next_dist_115brz8._.js:2477
[18421639ms] [LOG] [Fast Refresh] rebuilding @ http://localhost:3000/_next/static/chunks/node_modules_next_dist_115brz8._.js:2477
[18421941ms] [LOG] [Fast Refresh] done in 401ms @ http://localhost:3000/_next/static/chunks/node_modules_next_dist_115brz8._.js:2477
[18422043ms] [LOG] [Fast Refresh] rebuilding @ http://localhost:3000/_next/static/chunks/node_modules_next_dist_115brz8._.js:2477
[18422065ms] [LOG] [Fast Refresh] done in 124ms @ http://localhost:3000/_next/static/chunks/node_modules_next_dist_115brz8._.js:2477
[18424774ms] [LOG] [Fast Refresh] rebuilding @ http://localhost:3000/_next/static/chunks/node_modules_next_dist_115brz8._.js:2477
[18425220ms] [LOG] [Fast Refresh] done in 543ms @ http://localhost:3000/_next/static/chunks/node_modules_next_dist_115brz8._.js:2477
[18425345ms] [LOG] [Fast Refresh] rebuilding @ http://localhost:3000/_next/static/chunks/node_modules_next_dist_115brz8._.js:2477
[18425426ms] [LOG] [Fast Refresh] done in 183ms @ http://localhost:3000/_next/static/chunks/node_modules_next_dist_115brz8._.js:2477
[18426261ms] [LOG] [Fast Refresh] rebuilding @ http://localhost:3000/_next/static/chunks/node_modules_next_dist_115brz8._.js:2477
[18426566ms] [ERROR] ./app/admin/employees/page.tsx:57:22
await isn't allowed in non-async function
  55 |         setLoading(true)
  56 |         setError(null)
> 57 |         const data = await usersApi.getAll()
     |                      ^^^^^
  58 |         setEmployees(data.users.map(u => ({
  59 |           id: u.id,
  60 |           name: u.name,

Parsing ecmascript source code failed

Import traces:
  Client Component Browser:
    ./app/admin/employees/page.tsx [Client Component Browser]
    ./app/admin/employees/page.tsx [Server Component]

  Client Component SSR:
    ./app/admin/employees/page.tsx [Client Component SSR]
    ./app/admin/employees/page.tsx [Server Component] @ http://localhost:3000/_next/static/chunks/node_modules_next_dist_115brz8._.js:3318
[18426610ms] [ERROR] ./app/admin/employees/page.tsx:57:22
await isn't allowed in non-async function
  55 |         setLoading(true)
  56 |         setError(null)
> 57 |         const data = await usersApi.getAll()
     |                      ^^^^^
  58 |         setEmployees(data.users.map(u => ({
  59 |           id: u.id,
  60 |           name: u.name,

Parsing ecmascript source code failed

Import traces:
  Client Component Browser:
    ./app/admin/employees/page.tsx [Client Component Browser]
    ./app/admin/employees/page.tsx [Server Component]

  Client Component SSR:
    ./app/admin/employees/page.tsx [Client Component SSR]
    ./app/admin/employees/page.tsx [Server Component] @ http://localhost:3000/_next/static/chunks/node_modules_next_dist_115brz8._.js:3318
[18426711ms] [LOG] [Fast Refresh] rebuilding @ http://localhost:3000/_next/static/chunks/node_modules_next_dist_115brz8._.js:2477
[18427407ms] [ERROR] ./app/admin/employees/page.tsx:57:22
await isn't allowed in non-async function
  55 |         setLoading(true)
  56 |         setError(null)
> 57 |         const data = await usersApi.getAll()
     |                      ^^^^^
  58 |         setEmployees(data.users.map(u => ({
  59 |           id: u.id,
  60 |           name: u.name,

Parsing ecmascript source code failed

Import traces:
  Client Component Browser:
    ./app/admin/employees/page.tsx [Client Component Browser]
    ./app/admin/employees/page.tsx [Server Component]

  Client Component SSR:
    ./app/admin/employees/page.tsx [Client Component SSR]
    ./app/admin/employees/page.tsx [Server Component] @ http://localhost:3000/_next/static/chunks/node_modules_next_dist_115brz8._.js:3318
[18427509ms] [LOG] [Fast Refresh] rebuilding @ http://localhost:3000/_next/static/chunks/node_modules_next_dist_115brz8._.js:2477
[18427559ms] [ERROR] ./app/admin/employees/page.tsx:57:22
await isn't allowed in non-async function
  55 |         setLoading(true)
  56 |         setError(null)
> 57 |         const data = await usersApi.getAll()
     |                      ^^^^^
  58 |         setEmployees(data.users.map(u => ({
  59 |           id: u.id,
  60 |           name: u.name,

Parsing ecmascript source code failed

Import traces:
  Client Component Browser:
    ./app/admin/employees/page.tsx [Client Component Browser]
    ./app/admin/employees/page.tsx [Server Component]

  Client Component SSR:
    ./app/admin/employees/page.tsx [Client Component SSR]
    ./app/admin/employees/page.tsx [Server Component] @ http://localhost:3000/_next/static/chunks/node_modules_next_dist_115brz8._.js:3318
[18427661ms] [LOG] [Fast Refresh] rebuilding @ http://localhost:3000/_next/static/chunks/node_modules_next_dist_115brz8._.js:2477
[18429117ms] [ERROR] ./app/admin/employees/page.tsx:57:22
await isn't allowed in non-async function
  55 |         setLoading(true)
  56 |         setError(null)
> 57 |         const data = await usersApi.getAll()
     |                      ^^^^^
  58 |         setEmployees(data.users.map(u => ({
  59 |           id: u.id,
  60 |           name: u.name,

Parsing ecmascript source code failed

Import traces:
  Client Component Browser:
    ./app/admin/employees/page.tsx [Client Component Browser]
    ./app/admin/employees/page.tsx [Server Component]

  Client Component SSR:
    ./app/admin/employees/page.tsx [Client Component SSR]
    ./app/admin/employees/page.tsx [Server Component] @ http://localhost:3000/_next/static/chunks/node_modules_next_dist_115brz8._.js:3318
[18429117ms] [ERROR] Failed to load resource: the server responded with a status of 500 (Internal Server Error) @ http://localhost:3000/login?_rsc=2PWn4eNgFwgEGU5W:0
[18429150ms] [ERROR] Failed to load resource: the server responded with a status of 500 (Internal Server Error) @ http://localhost:3000/login?_rsc=2PWn4eNgFwgEGU5W:0
[18429213ms] [ERROR] Failed to load resource: the server responded with a status of 500 (Internal Server Error) @ http://localhost:3000/login:0
[18429365ms] [INFO] %cDownload the React DevTools for a better development experience: https://react.dev/link/react-devtools font-weight:bold @ http://localhost:3000/_next/static/chunks/node_modules_react-dom_0bruynb._.js:15305
[18429466ms] Error: ./app/admin/employees/page.tsx:57:22
await isn't allowed in non-async function
  55 |         setLoading(true)
  56 |         setError(null)
> 57 |         const data = await usersApi.getAll()
     |                      ^^^^^
  58 |         setEmployees(data.users.map(u => ({
  59 |           id: u.id,
  60 |           name: u.name,

Parsing ecmascript source code failed

Import traces:
  Client Component Browser:
    ./app/admin/employees/page.tsx [Client Component Browser]
    ./app/admin/employees/page.tsx [Server Component]

  Client Component SSR:
    ./app/admin/employees/page.tsx [Client Component SSR]
    ./app/admin/employees/page.tsx [Server Component]


    at <unknown> (Error: ./app/admin/employees/page.tsx:57:22)
    at Object.getCompilationErrors (file://C:\Users\ADMIN\Downloads\temp_v9\baocom\node_modules\next\dist\server\dev\hot-reloader-turbopack.js:1186:59)
    at DevBundlerService.getCompilationError (file://C:\Users\ADMIN\Downloads\temp_v9\baocom\node_modules\next\dist\server\lib\dev-bundler-service.js:44:55)
    at DevServer.getCompilationError (file://C:\Users\ADMIN\Downloads\temp_v9\baocom\node_modules\next\dist\server\dev\next-dev-server.js:720:42)
    at DevServer.findPageComponents (file://C:\Users\ADMIN\Downloads\temp_v9\baocom\node_modules\next\dist\server\dev\next-dev-server.js:690:43)
    at async DevServer.renderErrorToResponseImpl (file://C:\Users\ADMIN\Downloads\temp_v9\baocom\node_modules\next\dist\server\base-server.js:1753:26)
[18429470ms] [LOG] [HMR] connected @ http://localhost:3000/_next/static/chunks/node_modules_next_dist_0u_w_5s._.js:1226
[18429496ms] [ERROR] ./app/admin/employees/page.tsx:57:22
await isn't allowed in non-async function
  55 |         setLoading(true)
  56 |         setError(null)
> 57 |         const data = await usersApi.getAll()
     |                      ^^^^^
  58 |         setEmployees(data.users.map(u => ({
  59 |           id: u.id,
  60 |           name: u.name,

Parsing ecmascript source code failed

Import traces:
  Client Component Browser:
    ./app/admin/employees/page.tsx [Client Component Browser]
    ./app/admin/employees/page.tsx [Server Component]

  Client Component SSR:
    ./app/admin/employees/page.tsx [Client Component SSR]
    ./app/admin/employees/page.tsx [Server Component] @ http://localhost:3000/_next/static/chunks/node_modules_next_dist_0u_w_5s._.js:1945
[18429527ms] [ERROR] ./app/admin/employees/page.tsx:57:22
await isn't allowed in non-async function
  55 |         setLoading(true)
  56 |         setError(null)
> 57 |         const data = await usersApi.getAll()
     |                      ^^^^^
  58 |         setEmployees(data.users.map(u => ({
  59 |           id: u.id,
  60 |           name: u.name,

Parsing ecmascript source code failed

Import traces:
  Client Component Browser:
    ./app/admin/employees/page.tsx [Client Component Browser]
    ./app/admin/employees/page.tsx [Server Component]

  Client Component SSR:
    ./app/admin/employees/page.tsx [Client Component SSR]
    ./app/admin/employees/page.tsx [Server Component] @ http://localhost:3000/_next/static/chunks/node_modules_next_dist_0u_w_5s._.js:1945
[18429571ms] [ERROR] ./app/admin/employees/page.tsx:57:22
await isn't allowed in non-async function
  55 |         setLoading(true)
  56 |         setError(null)
> 57 |         const data = await usersApi.getAll()
     |                      ^^^^^
  58 |         setEmployees(data.users.map(u => ({
  59 |           id: u.id,
  60 |           name: u.name,

Parsing ecmascript source code failed

Import traces:
  Client Component Browser:
    ./app/admin/employees/page.tsx [Client Component Browser]
    ./app/admin/employees/page.tsx [Server Component]

  Client Component SSR:
    ./app/admin/employees/page.tsx [Client Component SSR]
    ./app/admin/employees/page.tsx [Server Component] @ http://localhost:3000/_next/static/chunks/node_modules_next_dist_0u_w_5s._.js:1945
[18429616ms] [ERROR] ./app/admin/employees/page.tsx:57:22
await isn't allowed in non-async function
  55 |         setLoading(true)
  56 |         setError(null)
> 57 |         const data = await usersApi.getAll()
     |                      ^^^^^
  58 |         setEmployees(data.users.map(u => ({
  59 |           id: u.id,
  60 |           name: u.name,

Parsing ecmascript source code failed

Import traces:
  Client Component Browser:
    ./app/admin/employees/page.tsx [Client Component Browser]
    ./app/admin/employees/page.tsx [Server Component]

  Client Component SSR:
    ./app/admin/employees/page.tsx [Client Component SSR]
    ./app/admin/employees/page.tsx [Server Component] @ http://localhost:3000/_next/static/chunks/node_modules_next_dist_0u_w_5s._.js:1945
[18429717ms] [LOG] [Fast Refresh] rebuilding @ http://localhost:3000/_next/static/chunks/node_modules_next_dist_0u_w_5s._.js:1226
[18429988ms] [LOG] [Fast Refresh] done in 367ms @ http://localhost:3000/_next/static/chunks/node_modules_next_dist_0u_w_5s._.js:1226
[18430132ms] [LOG] [Fast Refresh] rebuilding @ http://localhost:3000/_next/static/chunks/node_modules_next_dist_0u_w_5s._.js:1226
[18430304ms] [LOG] [Fast Refresh] done in 273ms @ http://localhost:3000/_next/static/chunks/node_modules_next_dist_0u_w_5s._.js:1226
[18430556ms] [INFO] %cDownload the React DevTools for a better development experience: https://react.dev/link/react-devtools font-weight:bold @ http://localhost:3000/_next/static/chunks/node_modules_next_dist_115brz8._.js:2477
[18430584ms] [LOG] [HMR] connected @ http://localhost:3000/_next/static/chunks/node_modules_next_dist_115brz8._.js:2477
[18432685ms] [LOG] [Fast Refresh] rebuilding @ http://localhost:3000/_next/static/chunks/node_modules_next_dist_115brz8._.js:2477
[18433053ms] [LOG] [Fast Refresh] done in 470ms @ http://localhost:3000/_next/static/chunks/node_modules_next_dist_115brz8._.js:2477
[18435533ms] [LOG] [Fast Refresh] rebuilding @ http://localhost:3000/_next/static/chunks/node_modules_next_dist_115brz8._.js:2477
[18435890ms] [LOG] [Fast Refresh] done in 330ms @ http://localhost:3000/_next/static/chunks/node_modules_next_dist_115brz8._.js:2477
[18436009ms] [LOG] [Fast Refresh] rebuilding @ http://localhost:3000/_next/static/chunks/node_modules_next_dist_115brz8._.js:2477
[18436142ms] [LOG] [Fast Refresh] done in 234ms @ http://localhost:3000/_next/static/chunks/node_modules_next_dist_115brz8._.js:2477
[18438512ms] [LOG] [Fast Refresh] rebuilding @ http://localhost:3000/_next/static/chunks/node_modules_next_dist_115brz8._.js:2477
[18438861ms] [LOG] [Fast Refresh] done in 293ms @ http://localhost:3000/_next/static/chunks/node_modules_next_dist_115brz8._.js:2477
[18439060ms] [LOG] [Fast Refresh] rebuilding @ http://localhost:3000/_next/static/chunks/node_modules_next_dist_115brz8._.js:2477
[18439131ms] [LOG] [Fast Refresh] done in 172ms @ http://localhost:3000/_next/static/chunks/node_modules_next_dist_115brz8._.js:2477
[18440455ms] [LOG] [Fast Refresh] rebuilding @ http://localhost:3000/_next/static/chunks/node_modules_next_dist_115brz8._.js:2477
[18440928ms] [LOG] [Fast Refresh] done in 374ms @ http://localhost:3000/_next/static/chunks/node_modules_next_dist_115brz8._.js:2477
[18441053ms] [LOG] [Fast Refresh] rebuilding @ http://localhost:3000/_next/static/chunks/node_modules_next_dist_115brz8._.js:2477
[18441138ms] [LOG] [Fast Refresh] done in 186ms @ http://localhost:3000/_next/static/chunks/node_modules_next_dist_115brz8._.js:2477
[18442060ms] [LOG] [Fast Refresh] rebuilding @ http://localhost:3000/_next/static/chunks/node_modules_next_dist_115brz8._.js:2477
[18442380ms] [LOG] [Fast Refresh] done in 314ms @ http://localhost:3000/_next/static/chunks/node_modules_next_dist_115brz8._.js:2477
[18442496ms] [LOG] [Fast Refresh] rebuilding @ http://localhost:3000/_next/static/chunks/node_modules_next_dist_115brz8._.js:2477
[18442508ms] [LOG] [Fast Refresh] done in 112ms @ http://localhost:3000/_next/static/chunks/node_modules_next_dist_115brz8._.js:2477
[18444460ms] [LOG] [Fast Refresh] rebuilding @ http://localhost:3000/_next/static/chunks/node_modules_next_dist_115brz8._.js:2477
[18444726ms] [LOG] [Fast Refresh] done in 263ms @ http://localhost:3000/_next/static/chunks/node_modules_next_dist_115brz8._.js:2477
[18444839ms] [LOG] [Fast Refresh] rebuilding @ http://localhost:3000/_next/static/chunks/node_modules_next_dist_115brz8._.js:2477
[18444881ms] [LOG] [Fast Refresh] done in 144ms @ http://localhost:3000/_next/static/chunks/node_modules_next_dist_115brz8._.js:2477
[19266565ms] [ERROR] WebSocket connection to 'ws://localhost:3000/_next/webpack-hmr?id=US6VK7W6NiZWDP0n9u_S-' failed: Error in connection establishment: net::ERR_CONNECTION_REFUSED @ http://localhost:3000/_next/static/chunks/node_modules_next_dist_client_0fhqo1d._.js:13322
[19269872ms] [ERROR] WebSocket connection to 'ws://localhost:3000/_next/webpack-hmr?id=US6VK7W6NiZWDP0n9u_S-' failed: Error in connection establishment: net::ERR_CONNECTION_REFUSED @ http://localhost:3000/_next/static/chunks/node_modules_next_dist_client_0fhqo1d._.js:13322
[19273179ms] [ERROR] WebSocket connection to 'ws://localhost:3000/_next/webpack-hmr?id=US6VK7W6NiZWDP0n9u_S-' failed: Error in connection establishment: net::ERR_CONNECTION_REFUSED @ http://localhost:3000/_next/static/chunks/node_modules_next_dist_client_0fhqo1d._.js:13322
[19276484ms] [ERROR] WebSocket connection to 'ws://localhost:3000/_next/webpack-hmr?id=US6VK7W6NiZWDP0n9u_S-' failed: Error in connection establishment: net::ERR_CONNECTION_REFUSED @ http://localhost:3000/_next/static/chunks/node_modules_next_dist_client_0fhqo1d._.js:13322
[19279791ms] [ERROR] WebSocket connection to 'ws://localhost:3000/_next/webpack-hmr?id=US6VK7W6NiZWDP0n9u_S-' failed: Error in connection establishment: net::ERR_CONNECTION_REFUSED @ http://localhost:3000/_next/static/chunks/node_modules_next_dist_client_0fhqo1d._.js:13322
[19287100ms] [ERROR] WebSocket connection to 'ws://localhost:3000/_next/webpack-hmr?id=US6VK7W6NiZWDP0n9u_S-' failed: Error in connection establishment: net::ERR_CONNECTION_REFUSED @ http://localhost:3000/_next/static/chunks/node_modules_next_dist_client_0fhqo1d._.js:13322
[19294411ms] [ERROR] WebSocket connection to 'ws://localhost:3000/_next/webpack-hmr?id=US6VK7W6NiZWDP0n9u_S-' failed: Error in connection establishment: net::ERR_CONNECTION_REFUSED @ http://localhost:3000/_next/static/chunks/node_modules_next_dist_client_0fhqo1d._.js:13322
[19301721ms] [ERROR] WebSocket connection to 'ws://localhost:3000/_next/webpack-hmr?id=US6VK7W6NiZWDP0n9u_S-' failed: Error in connection establishment: net::ERR_CONNECTION_REFUSED @ http://localhost:3000/_next/static/chunks/node_modules_next_dist_client_0fhqo1d._.js:13322
[19309034ms] [ERROR] WebSocket connection to 'ws://localhost:3000/_next/webpack-hmr?id=US6VK7W6NiZWDP0n9u_S-' failed: Error in connection establishment: net::ERR_CONNECTION_REFUSED @ http://localhost:3000/_next/static/chunks/node_modules_next_dist_client_0fhqo1d._.js:13322
[19316365ms] [ERROR] WebSocket connection to 'ws://localhost:3000/_next/webpack-hmr?id=US6VK7W6NiZWDP0n9u_S-' failed: Error in connection establishment: net::ERR_CONNECTION_REFUSED @ http://localhost:3000/_next/static/chunks/node_modules_next_dist_client_0fhqo1d._.js:13322
[19323727ms] [ERROR] WebSocket connection to 'ws://localhost:3000/_next/webpack-hmr?id=US6VK7W6NiZWDP0n9u_S-' failed: Error in connection establishment: net::ERR_CONNECTION_REFUSED @ http://localhost:3000/_next/static/chunks/node_modules_next_dist_client_0fhqo1d._.js:13322
[19331110ms] [ERROR] WebSocket connection to 'ws://localhost:3000/_next/webpack-hmr?id=US6VK7W6NiZWDP0n9u_S-' failed: Error in connection establishment: net::ERR_CONNECTION_REFUSED @ http://localhost:3000/_next/static/chunks/node_modules_next_dist_client_0fhqo1d._.js:13322
[20341120ms] [ERROR] Failed to load resource: the server responded with a status of 404 (Not Found) @ http://localhost:3000/login:0
[20341258ms] [INFO] %cDownload the React DevTools for a better development experience: https://react.dev/link/react-devtools font-weight:bold @ http://localhost:3000/_next/static/chunks/node_modules_next_dist_115brz8._.js:2431
[20341464ms] [LOG] [HMR] connected @ http://localhost:3000/_next/static/chunks/node_modules_next_dist_115brz8._.js:2431
[20341514ms] [ERROR] Failed to load resource: the server responded with a status of 404 (Not Found) @ http://localhost:3000/favicon.ico:0
[24494143ms] [ERROR] WebSocket connection to 'ws://localhost:3000/_next/webpack-hmr?id=K6Uh0Li7SUt_RzjZzvQxz' failed: Error in connection establishment: net::ERR_CONNECTION_REFUSED @ http://localhost:3000/_next/static/chunks/node_modules_next_dist_client_0fhqo1d._.js:13299
[24506561ms] [LOG] [HMR] connected @ http://localhost:3000/_next/static/chunks/node_modules_next_dist_115brz8._.js:2431
[24506986ms] [ERROR] Failed to load resource: the server responded with a status of 404 (Not Found) @ http://localhost:3000/login:0
[24507107ms] [INFO] %cDownload the React DevTools for a better development experience: https://react.dev/link/react-devtools font-weight:bold @ http://localhost:3000/_next/static/chunks/node_modules_next_dist_115brz8._.js:2431
[24507138ms] [LOG] [HMR] connected @ http://localhost:3000/_next/static/chunks/node_modules_next_dist_115brz8._.js:2431
[25114202ms] [LOG] [Fast Refresh] rebuilding @ http://localhost:3000/_next/static/chunks/node_modules_next_dist_115brz8._.js:2431
[25115682ms] [LOG] [Fast Refresh] done in 1583ms @ http://localhost:3000/_next/static/chunks/node_modules_next_dist_115brz8._.js:2431
[25116217ms] [LOG] [Fast Refresh] rebuilding @ http://localhost:3000/_next/static/chunks/node_modules_next_dist_115brz8._.js:2431
[25116361ms] [LOG] [Fast Refresh] done in 245ms @ http://localhost:3000/_next/static/chunks/node_modules_next_dist_115brz8._.js:2431
[25116866ms] [LOG] [Fast Refresh] rebuilding @ http://localhost:3000/_next/static/chunks/node_modules_next_dist_115brz8._.js:2431
[25117042ms] [LOG] [Fast Refresh] done in 277ms @ http://localhost:3000/_next/static/chunks/node_modules_next_dist_115brz8._.js:2431
[26016716ms] [LOG] [Fast Refresh] rebuilding @ http://localhost:3000/_next/static/chunks/node_modules_next_dist_115brz8._.js:2431
[26016774ms] [LOG] [Fast Refresh] done in 159ms @ http://localhost:3000/_next/static/chunks/node_modules_next_dist_115brz8._.js:2431
[26060341ms] [LOG] [Fast Refresh] rebuilding @ http://localhost:3000/_next/static/chunks/node_modules_next_dist_115brz8._.js:2431
[26060578ms] [LOG] [Fast Refresh] done in 336ms @ http://localhost:3000/_next/static/chunks/node_modules_next_dist_115brz8._.js:2431
[26060680ms] [LOG] [Fast Refresh] rebuilding @ http://localhost:3000/_next/static/chunks/node_modules_next_dist_115brz8._.js:2431
[26060962ms] [ERROR] Failed to load resource: the server responded with a status of 404 (Not Found) @ http://localhost:3000/login?_rsc=1nkcf:0
[26060970ms] [LOG] [Fast Refresh] done in 391ms @ http://localhost:3000/_next/static/chunks/node_modules_next_dist_115brz8._.js:2431
[26061008ms] [ERROR] Failed to load resource: the server responded with a status of 404 (Not Found) @ http://localhost:3000/login?_rsc=1nkcf:0
[26061136ms] [LOG] [Fast Refresh] rebuilding @ http://localhost:3000/_next/static/chunks/node_modules_next_dist_115brz8._.js:2431
[26061171ms] [LOG] [Fast Refresh] done in 135ms @ http://localhost:3000/_next/static/chunks/node_modules_next_dist_115brz8._.js:2431
[26061192ms] [ERROR] Failed to load resource: the server responded with a status of 404 (Not Found) @ http://localhost:3000/login:0
[26061291ms] [INFO] %cDownload the React DevTools for a better development experience: https://react.dev/link/react-devtools font-weight:bold @ http://localhost:3000/_next/static/chunks/node_modules_next_dist_115brz8._.js:2431
[26061322ms] [LOG] [HMR] connected @ http://localhost:3000/_next/static/chunks/node_modules_next_dist_115brz8._.js:2431
[26061750ms] [LOG] [Fast Refresh] rebuilding @ http://localhost:3000/_next/static/chunks/node_modules_next_dist_115brz8._.js:2431
[26061764ms] [LOG] [Fast Refresh] done in 115ms @ http://localhost:3000/_next/static/chunks/node_modules_next_dist_115brz8._.js:2431
[26116880ms] [ERROR] WebSocket connection to 'ws://localhost:3000/_next/webpack-hmr?id=iQ8pZQNd1e_jG_tlpudys' failed: Error in connection establishment: net::ERR_CONNECTION_REFUSED @ http://localhost:3000/_next/static/chunks/node_modules_next_dist_client_0fhqo1d._.js:13299
[26120188ms] [ERROR] WebSocket connection to 'ws://localhost:3000/_next/webpack-hmr?id=iQ8pZQNd1e_jG_tlpudys' failed: Error in connection establishment: net::ERR_CONNECTION_REFUSED @ http://localhost:3000/_next/static/chunks/node_modules_next_dist_client_0fhqo1d._.js:13299
[26123493ms] [ERROR] WebSocket connection to 'ws://localhost:3000/_next/webpack-hmr?id=iQ8pZQNd1e_jG_tlpudys' failed: Error in connection establishment: net::ERR_CONNECTION_REFUSED @ http://localhost:3000/_next/static/chunks/node_modules_next_dist_client_0fhqo1d._.js:13299
[26126802ms] [ERROR] WebSocket connection to 'ws://localhost:3000/_next/webpack-hmr?id=iQ8pZQNd1e_jG_tlpudys' failed: Error in connection establishment: net::ERR_CONNECTION_REFUSED @ http://localhost:3000/_next/static/chunks/node_modules_next_dist_client_0fhqo1d._.js:13299
[26130111ms] [ERROR] WebSocket connection to 'ws://localhost:3000/_next/webpack-hmr?id=iQ8pZQNd1e_jG_tlpudys' failed: Error in connection establishment: net::ERR_CONNECTION_REFUSED @ http://localhost:3000/_next/static/chunks/node_modules_next_dist_client_0fhqo1d._.js:13299
[26142291ms] [LOG] [HMR] connected @ http://localhost:3000/_next/static/chunks/node_modules_next_dist_115brz8._.js:2431
[26142649ms] [ERROR] Failed to load resource: the server responded with a status of 404 (Not Found) @ http://localhost:3000/login:0
[26142773ms] [INFO] %cDownload the React DevTools for a better development experience: https://react.dev/link/react-devtools font-weight:bold @ http://localhost:3000/_next/static/chunks/node_modules_next_dist_115brz8._.js:2431
[26142788ms] [LOG] [HMR] connected @ http://localhost:3000/_next/static/chunks/node_modules_next_dist_115brz8._.js:2431
[26175191ms] [LOG] [Fast Refresh] rebuilding @ http://localhost:3000/_next/static/chunks/node_modules_next_dist_115brz8._.js:2431
[26175461ms] [LOG] [Fast Refresh] done in 371ms @ http://localhost:3000/_next/static/chunks/node_modules_next_dist_115brz8._.js:2431
[26202415ms] [LOG] [Fast Refresh] rebuilding @ http://localhost:3000/_next/static/chunks/node_modules_next_dist_115brz8._.js:2431
[26203110ms] [LOG] [Fast Refresh] done in 798ms @ http://localhost:3000/_next/static/chunks/node_modules_next_dist_115brz8._.js:2431
[26775148ms] [ERROR] WebSocket connection to 'ws://localhost:3000/_next/webpack-hmr?id=Epveg_-ck20j3b3pR6VGp' failed: Error in connection establishment: net::ERR_CONNECTION_REFUSED @ http://localhost:3000/_next/static/chunks/node_modules_next_dist_client_0fhqo1d._.js:13299
[26777069ms] [LOG] [HMR] connected @ http://localhost:3000/_next/static/chunks/node_modules_next_dist_115brz8._.js:2431
[26777393ms] [ERROR] Failed to load resource: the server responded with a status of 404 (Not Found) @ http://localhost:3000/login:0
[26777479ms] [INFO] %cDownload the React DevTools for a better development experience: https://react.dev/link/react-devtools font-weight:bold @ http://localhost:3000/_next/static/chunks/node_modules_next_dist_115brz8._.js:2431
[26777496ms] [LOG] [HMR] connected @ http://localhost:3000/_next/static/chunks/node_modules_next_dist_115brz8._.js:2431
[26830562ms] [LOG] [Fast Refresh] rebuilding @ http://localhost:3000/_next/static/chunks/node_modules_next_dist_115brz8._.js:2431
[26830736ms] [LOG] [Fast Refresh] done in 276ms @ http://localhost:3000/_next/static/chunks/node_modules_next_dist_115brz8._.js:2431
[26925825ms] [LOG] [Fast Refresh] rebuilding @ http://localhost:3000/_next/static/chunks/node_modules_next_dist_115brz8._.js:2431
[26926300ms] [LOG] [Fast Refresh] done in 576ms @ http://localhost:3000/_next/static/chunks/node_modules_next_dist_115brz8._.js:2431
[29151798ms] [ERROR] WebSocket connection to 'ws://localhost:3000/_next/webpack-hmr?id=fOgeDEL0EHdv2_4mZnO-9' failed: Error in connection establishment: net::ERR_CONNECTION_REFUSED @ http://localhost:3000/_next/static/chunks/node_modules_next_dist_client_0fhqo1d._.js:13299
[29154581ms] [LOG] [HMR] connected @ http://localhost:3000/_next/static/chunks/node_modules_next_dist_115brz8._.js:2431
[29154882ms] [ERROR] Failed to load resource: the server responded with a status of 404 (Not Found) @ http://localhost:3000/login:0
[29154984ms] [INFO] %cDownload the React DevTools for a better development experience: https://react.dev/link/react-devtools font-weight:bold @ http://localhost:3000/_next/static/chunks/node_modules_next_dist_115brz8._.js:2431
[29155000ms] [LOG] [HMR] connected @ http://localhost:3000/_next/static/chunks/node_modules_next_dist_115brz8._.js:2431
[29322722ms] [LOG] [Fast Refresh] rebuilding @ http://localhost:3000/_next/static/chunks/node_modules_next_dist_115brz8._.js:2431
[29322878ms] [LOG] [Fast Refresh] done in 259ms @ http://localhost:3000/_next/static/chunks/node_modules_next_dist_115brz8._.js:2431
[29407253ms] [LOG] [Fast Refresh] rebuilding @ http://localhost:3000/_next/static/chunks/node_modules_next_dist_115brz8._.js:2431
[29407800ms] [LOG] [Fast Refresh] done in 648ms @ http://localhost:3000/_next/static/chunks/node_modules_next_dist_115brz8._.js:2431
[29422220ms] [LOG] [Fast Refresh] rebuilding @ http://localhost:3000/_next/static/chunks/node_modules_next_dist_115brz8._.js:2431
[29422283ms] [LOG] [Fast Refresh] done in 164ms @ http://localhost:3000/_next/static/chunks/node_modules_next_dist_115brz8._.js:2431
[29422384ms] [LOG] [Fast Refresh] rebuilding @ http://localhost:3000/_next/static/chunks/node_modules_next_dist_115brz8._.js:2431
[29422408ms] [LOG] [Fast Refresh] done in 124ms @ http://localhost:3000/_next/static/chunks/node_modules_next_dist_115brz8._.js:2431
[29431576ms] [LOG] [Fast Refresh] rebuilding @ http://localhost:3000/_next/static/chunks/node_modules_next_dist_115brz8._.js:2431
[29431583ms] [LOG] [Fast Refresh] done in 109ms @ http://localhost:3000/_next/static/chunks/node_modules_next_dist_115brz8._.js:2431
[30232188ms] [LOG] [Fast Refresh] rebuilding @ http://localhost:3000/_next/static/chunks/node_modules_next_dist_115brz8._.js:2431
[30232288ms] [LOG] [Fast Refresh] done in 201ms @ http://localhost:3000/_next/static/chunks/node_modules_next_dist_115brz8._.js:2431
[31075064ms] [LOG] [Fast Refresh] rebuilding @ http://localhost:3000/_next/static/chunks/node_modules_next_dist_115brz8._.js:2431
[31075111ms] [LOG] [Fast Refresh] done in 146ms @ http://localhost:3000/_next/static/chunks/node_modules_next_dist_115brz8._.js:2431
[31075217ms] [LOG] [Fast Refresh] rebuilding @ http://localhost:3000/_next/static/chunks/node_modules_next_dist_115brz8._.js:2431
[31075249ms] [ERROR] Failed to load resource: the server responded with a status of 404 (Not Found) @ http://localhost:3000/login?_rsc=1nkcf:0
[31075256ms] [LOG] [Fast Refresh] done in 140ms @ http://localhost:3000/_next/static/chunks/node_modules_next_dist_115brz8._.js:2431
[31075276ms] [ERROR] Failed to load resource: the server responded with a status of 404 (Not Found) @ http://localhost:3000/login?_rsc=1nkcf:0
[31075362ms] [LOG] [Fast Refresh] rebuilding @ http://localhost:3000/_next/static/chunks/node_modules_next_dist_115brz8._.js:2431
[31075410ms] [ERROR] Failed to load resource: the server responded with a status of 404 (Not Found) @ http://localhost:3000/login?_rsc=1nkcf:0
[31075414ms] [LOG] [Fast Refresh] done in 154ms @ http://localhost:3000/_next/static/chunks/node_modules_next_dist_115brz8._.js:2431
[31075433ms] [ERROR] Failed to load resource: the server responded with a status of 404 (Not Found) @ http://localhost:3000/login:0
[31075520ms] [INFO] %cDownload the React DevTools for a better development experience: https://react.dev/link/react-devtools font-weight:bold @ http://localhost:3000/_next/static/chunks/node_modules_next_dist_115brz8._.js:2431
[31075556ms] [LOG] [HMR] connected @ http://localhost:3000/_next/static/chunks/node_modules_next_dist_115brz8._.js:2431
[31536550ms] [LOG] [HMR] connected @ http://localhost:3000/_next/static/chunks/node_modules_next_dist_115brz8._.js:2431
[31536830ms] [ERROR] Failed to load resource: the server responded with a status of 404 (Not Found) @ http://localhost:3000/login:0
[31536923ms] [INFO] %cDownload the React DevTools for a better development experience: https://react.dev/link/react-devtools font-weight:bold @ http://localhost:3000/_next/static/chunks/node_modules_next_dist_115brz8._.js:2431
[31536934ms] [LOG] [HMR] connected @ http://localhost:3000/_next/static/chunks/node_modules_next_dist_115brz8._.js:2431
[32086668ms] [LOG] [Fast Refresh] rebuilding @ http://localhost:3000/_next/static/chunks/node_modules_next_dist_115brz8._.js:2431
[32086823ms] [LOG] [Fast Refresh] done in 259ms @ http://localhost:3000/_next/static/chunks/node_modules_next_dist_115brz8._.js:2431
[32087630ms] [LOG] [Fast Refresh] rebuilding @ http://localhost:3000/_next/static/chunks/node_modules_next_dist_115brz8._.js:2431
[32087944ms] [LOG] [Fast Refresh] done in 413ms @ http://localhost:3000/_next/static/chunks/node_modules_next_dist_115brz8._.js:2431
[32092712ms] [LOG] [Fast Refresh] rebuilding @ http://localhost:3000/_next/static/chunks/node_modules_next_dist_115brz8._.js:2431
[32092725ms] [LOG] [Fast Refresh] done in 115ms @ http://localhost:3000/_next/static/chunks/node_modules_next_dist_115brz8._.js:2431
[32298171ms] [LOG] [Fast Refresh] rebuilding @ http://localhost:3000/_next/static/chunks/node_modules_next_dist_115brz8._.js:2431
[32298963ms] [LOG] [Fast Refresh] done in 893ms @ http://localhost:3000/_next/static/chunks/node_modules_next_dist_115brz8._.js:2431
[32340376ms] [ERROR] WebSocket connection to 'ws://localhost:3000/_next/webpack-hmr?id=46zBo-eFjNLv3aSmyLYTl' failed: Error in connection establishment: net::ERR_CONNECTION_REFUSED @ http://localhost:3000/_next/static/chunks/node_modules_next_dist_client_0fhqo1d._.js:13299
[32343680ms] [ERROR] WebSocket connection to 'ws://localhost:3000/_next/webpack-hmr?id=46zBo-eFjNLv3aSmyLYTl' failed: Error in connection establishment: net::ERR_CONNECTION_REFUSED @ http://localhost:3000/_next/static/chunks/node_modules_next_dist_client_0fhqo1d._.js:13299
[32346987ms] [ERROR] WebSocket connection to 'ws://localhost:3000/_next/webpack-hmr?id=46zBo-eFjNLv3aSmyLYTl' failed: Error in connection establishment: net::ERR_CONNECTION_REFUSED @ http://localhost:3000/_next/static/chunks/node_modules_next_dist_client_0fhqo1d._.js:13299
[32350294ms] [ERROR] WebSocket connection to 'ws://localhost:3000/_next/webpack-hmr?id=46zBo-eFjNLv3aSmyLYTl' failed: Error in connection establishment: net::ERR_CONNECTION_REFUSED @ http://localhost:3000/_next/static/chunks/node_modules_next_dist_client_0fhqo1d._.js:13299
[32352299ms] [LOG] [HMR] connected @ http://localhost:3000/_next/static/chunks/node_modules_next_dist_115brz8._.js:2431
[32353464ms] [ERROR] Failed to load resource: the server responded with a status of 404 (Not Found) @ http://localhost:3000/login:0
[32353586ms] [INFO] %cDownload the React DevTools for a better development experience: https://react.dev/link/react-devtools font-weight:bold @ http://localhost:3000/_next/static/chunks/node_modules_next_dist_115brz8._.js:2431
[32353599ms] [LOG] [HMR] connected @ http://localhost:3000/_next/static/chunks/node_modules_next_dist_115brz8._.js:2431
[32389686ms] [LOG] [Fast Refresh] rebuilding @ http://localhost:3000/_next/static/chunks/node_modules_next_dist_115brz8._.js:2431
[32390202ms] [LOG] [Fast Refresh] done in 618ms @ http://localhost:3000/_next/static/chunks/node_modules_next_dist_115brz8._.js:2431
[32398487ms] [LOG] [Fast Refresh] rebuilding @ http://localhost:3000/_next/static/chunks/node_modules_next_dist_115brz8._.js:2431
[32398681ms] [LOG] [Fast Refresh] done in 295ms @ http://localhost:3000/_next/static/chunks/node_modules_next_dist_115brz8._.js:2431
[32398916ms] [LOG] [Fast Refresh] rebuilding @ http://localhost:3000/_next/static/chunks/node_modules_next_dist_115brz8._.js:2431
[32399093ms] [LOG] [Fast Refresh] done in 279ms @ http://localhost:3000/_next/static/chunks/node_modules_next_dist_115brz8._.js:2431
[32399257ms] [LOG] [Fast Refresh] rebuilding @ http://localhost:3000/_next/static/chunks/node_modules_next_dist_115brz8._.js:2431
[32399336ms] [LOG] [Fast Refresh] done in 180ms @ http://localhost:3000/_next/static/chunks/node_modules_next_dist_115brz8._.js:2431
[32411213ms] [LOG] [Fast Refresh] rebuilding @ http://localhost:3000/_next/static/chunks/node_modules_next_dist_115brz8._.js:2431
[32411332ms] [LOG] [Fast Refresh] done in 220ms @ http://localhost:3000/_next/static/chunks/node_modules_next_dist_115brz8._.js:2431
[32422445ms] [LOG] [Fast Refresh] rebuilding @ http://localhost:3000/_next/static/chunks/node_modules_next_dist_115brz8._.js:2431
[32422576ms] [LOG] [Fast Refresh] done in 231ms @ http://localhost:3000/_next/static/chunks/node_modules_next_dist_115brz8._.js:2431
[32427871ms] [LOG] [Fast Refresh] rebuilding @ http://localhost:3000/_next/static/chunks/node_modules_next_dist_115brz8._.js:2431
[32428039ms] [LOG] [Fast Refresh] done in 270ms @ http://localhost:3000/_next/static/chunks/node_modules_next_dist_115brz8._.js:2431
[32428193ms] [LOG] [Fast Refresh] rebuilding @ http://localhost:3000/_next/static/chunks/node_modules_next_dist_115brz8._.js:2431
[32428389ms] [LOG] [Fast Refresh] done in 296ms @ http://localhost:3000/_next/static/chunks/node_modules_next_dist_115brz8._.js:2431
[32429252ms] [LOG] [Fast Refresh] rebuilding @ http://localhost:3000/_next/static/chunks/node_modules_next_dist_115brz8._.js:2431
[32429462ms] [LOG] [Fast Refresh] done in 310ms @ http://localhost:3000/_next/static/chunks/node_modules_next_dist_115brz8._.js:2431
[32430386ms] [LOG] [Fast Refresh] rebuilding @ http://localhost:3000/_next/static/chunks/node_modules_next_dist_115brz8._.js:2431
[32430909ms] [LOG] [Fast Refresh] done in 625ms @ http://localhost:3000/_next/static/chunks/node_modules_next_dist_115brz8._.js:2431
[32433138ms] [LOG] [Fast Refresh] rebuilding @ http://localhost:3000/_next/static/chunks/node_modules_next_dist_115brz8._.js:2431
[32433342ms] [LOG] [Fast Refresh] done in 306ms @ http://localhost:3000/_next/static/chunks/node_modules_next_dist_115brz8._.js:2431
[32433485ms] [LOG] [Fast Refresh] rebuilding @ http://localhost:3000/_next/static/chunks/node_modules_next_dist_115brz8._.js:2431
[32433656ms] [LOG] [Fast Refresh] done in 272ms @ http://localhost:3000/_next/static/chunks/node_modules_next_dist_115brz8._.js:2431
[32881159ms] [LOG] [Fast Refresh] rebuilding @ http://localhost:3000/_next/static/chunks/node_modules_next_dist_115brz8._.js:2431
[32881247ms] [LOG] [Fast Refresh] done in 206ms @ http://localhost:3000/_next/static/chunks/node_modules_next_dist_115brz8._.js:2431
[33000324ms] [LOG] [Fast Refresh] rebuilding @ http://localhost:3000/_next/static/chunks/node_modules_next_dist_115brz8._.js:2431
[33000620ms] [LOG] [Fast Refresh] done in 398ms @ http://localhost:3000/_next/static/chunks/node_modules_next_dist_115brz8._.js:2431
[33343143ms] [LOG] [Fast Refresh] rebuilding @ http://localhost:3000/_next/static/chunks/node_modules_next_dist_115brz8._.js:2431
[33343159ms] [LOG] [Fast Refresh] done in 86ms @ http://localhost:3000/_next/static/chunks/node_modules_next_dist_115brz8._.js:2431
[33343267ms] [LOG] [Fast Refresh] rebuilding @ http://localhost:3000/_next/static/chunks/node_modules_next_dist_115brz8._.js:2431
[33343277ms] [ERROR] Failed to load resource: the server responded with a status of 404 (Not Found) @ http://localhost:3000/login?_rsc=1nkcf:0
[33343286ms] [LOG] [Fast Refresh] done in 119ms @ http://localhost:3000/_next/static/chunks/node_modules_next_dist_115brz8._.js:2431
[33343414ms] [ERROR] Failed to load resource: the server responded with a status of 404 (Not Found) @ http://localhost:3000/login:0
[33343500ms] [INFO] %cDownload the React DevTools for a better development experience: https://react.dev/link/react-devtools font-weight:bold @ http://localhost:3000/_next/static/chunks/node_modules_next_dist_115brz8._.js:2431
[33343520ms] [LOG] [HMR] connected @ http://localhost:3000/_next/static/chunks/node_modules_next_dist_115brz8._.js:2431
[33399634ms] [LOG] [Fast Refresh] rebuilding @ http://localhost:3000/_next/static/chunks/node_modules_next_dist_115brz8._.js:2431
[33399833ms] [LOG] [Fast Refresh] done in 265ms @ http://localhost:3000/_next/static/chunks/node_modules_next_dist_115brz8._.js:2431
[33399900ms] [ERROR] Failed to load resource: the server responded with a status of 404 (Not Found) @ http://localhost:3000/login?_rsc=1nkcf:0
[33399933ms] [ERROR] Failed to load resource: the server responded with a status of 404 (Not Found) @ http://localhost:3000/login?_rsc=1nkcf:0
[33400005ms] [ERROR] Failed to load resource: the server responded with a status of 404 (Not Found) @ http://localhost:3000/login:0
[33400092ms] [INFO] %cDownload the React DevTools for a better development experience: https://react.dev/link/react-devtools font-weight:bold @ http://localhost:3000/_next/static/chunks/node_modules_next_dist_115brz8._.js:2431
[33400112ms] [LOG] [HMR] connected @ http://localhost:3000/_next/static/chunks/node_modules_next_dist_115brz8._.js:2431
[33405334ms] [LOG] [Fast Refresh] rebuilding @ http://localhost:3000/_next/static/chunks/node_modules_next_dist_115brz8._.js:2431
[33405341ms] [LOG] [Fast Refresh] done in 108ms @ http://localhost:3000/_next/static/chunks/node_modules_next_dist_115brz8._.js:2431
[33486254ms] [ERROR] WebSocket connection to 'ws://localhost:3000/_next/webpack-hmr?id=tojFHhpDGuqbIvBz1j2yD' failed: Error in connection establishment: net::ERR_CONNECTION_REFUSED @ http://localhost:3000/_next/static/chunks/node_modules_next_dist_client_0fhqo1d._.js:13299
[33489562ms] [ERROR] WebSocket connection to 'ws://localhost:3000/_next/webpack-hmr?id=tojFHhpDGuqbIvBz1j2yD' failed: Error in connection establishment: net::ERR_CONNECTION_REFUSED @ http://localhost:3000/_next/static/chunks/node_modules_next_dist_client_0fhqo1d._.js:13299
[33492869ms] [ERROR] WebSocket connection to 'ws://localhost:3000/_next/webpack-hmr?id=tojFHhpDGuqbIvBz1j2yD' failed: Error in connection establishment: net::ERR_CONNECTION_REFUSED @ http://localhost:3000/_next/static/chunks/node_modules_next_dist_client_0fhqo1d._.js:13299
[33503446ms] [LOG] [HMR] connected @ http://localhost:3000/_next/static/chunks/node_modules_next_dist_115brz8._.js:2431
[33503863ms] [ERROR] Failed to load resource: the server responded with a status of 404 (Not Found) @ http://localhost:3000/login:0
[33503938ms] [INFO] %cDownload the React DevTools for a better development experience: https://react.dev/link/react-devtools font-weight:bold @ http://localhost:3000/_next/static/chunks/node_modules_next_dist_115brz8._.js:2431
[33503949ms] [LOG] [HMR] connected @ http://localhost:3000/_next/static/chunks/node_modules_next_dist_115brz8._.js:2431
[33554869ms] [LOG] [Fast Refresh] rebuilding @ http://localhost:3000/_next/static/chunks/node_modules_next_dist_115brz8._.js:2431
[33555208ms] [LOG] [Fast Refresh] done in 440ms @ http://localhost:3000/_next/static/chunks/node_modules_next_dist_115brz8._.js:2431
[33573975ms] [LOG] [Fast Refresh] rebuilding @ http://localhost:3000/_next/static/chunks/node_modules_next_dist_115brz8._.js:2431
[33574236ms] [LOG] [Fast Refresh] done in 362ms @ http://localhost:3000/_next/static/chunks/node_modules_next_dist_115brz8._.js:2431
[33583233ms] [LOG] [Fast Refresh] rebuilding @ http://localhost:3000/_next/static/chunks/node_modules_next_dist_115brz8._.js:2431
[33583241ms] [LOG] [Fast Refresh] done in 109ms @ http://localhost:3000/_next/static/chunks/node_modules_next_dist_115brz8._.js:2431
[34623055ms] [LOG] [Fast Refresh] rebuilding @ http://localhost:3000/_next/static/chunks/node_modules_next_dist_115brz8._.js:2431
[34623237ms] [LOG] [Fast Refresh] done in 282ms @ http://localhost:3000/_next/static/chunks/node_modules_next_dist_115brz8._.js:2431
[34623331ms] [ERROR] Failed to load resource: the server responded with a status of 404 (Not Found) @ http://localhost:3000/login?_rsc=1nkcf:0
[34623358ms] [ERROR] Failed to load resource: the server responded with a status of 404 (Not Found) @ http://localhost:3000/login?_rsc=1nkcf:0
[34623408ms] [ERROR] Failed to load resource: the server responded with a status of 404 (Not Found) @ http://localhost:3000/login?_rsc=1nkcf:0
[34623474ms] [ERROR] Failed to load resource: the server responded with a status of 404 (Not Found) @ http://localhost:3000/login:0
[34623574ms] [INFO] %cDownload the React DevTools for a better development experience: https://react.dev/link/react-devtools font-weight:bold @ http://localhost:3000/_next/static/chunks/node_modules_next_dist_115brz8._.js:2431
[34623597ms] [LOG] [HMR] connected @ http://localhost:3000/_next/static/chunks/node_modules_next_dist_115brz8._.js:2431
[34691749ms] [LOG] [Fast Refresh] rebuilding @ http://localhost:3000/_next/static/chunks/node_modules_next_dist_115brz8._.js:2431
[34691819ms] [LOG] [Fast Refresh] done in 126ms @ http://localhost:3000/_next/static/chunks/node_modules_next_dist_115brz8._.js:2431
[34691890ms] [ERROR] Failed to load resource: the server responded with a status of 404 (Not Found) @ http://localhost:3000/login?_rsc=1nkcf:0
[34691924ms] [ERROR] Failed to load resource: the server responded with a status of 404 (Not Found) @ http://localhost:3000/login?_rsc=1nkcf:0
[34691994ms] [ERROR] Failed to load resource: the server responded with a status of 404 (Not Found) @ http://localhost:3000/login:0
[34692070ms] [INFO] %cDownload the React DevTools for a better development experience: https://react.dev/link/react-devtools font-weight:bold @ http://localhost:3000/_next/static/chunks/node_modules_next_dist_115brz8._.js:2431
[34692080ms] [LOG] [HMR] connected @ http://localhost:3000/_next/static/chunks/node_modules_next_dist_115brz8._.js:2431
[34779234ms] [LOG] [Fast Refresh] rebuilding @ http://localhost:3000/_next/static/chunks/node_modules_next_dist_115brz8._.js:2431
[34779312ms] [LOG] [Fast Refresh] done in 135ms @ http://localhost:3000/_next/static/chunks/node_modules_next_dist_115brz8._.js:2431
[34779388ms] [ERROR] Failed to load resource: the server responded with a status of 404 (Not Found) @ http://localhost:3000/login?_rsc=1nkcf:0
[34779421ms] [ERROR] Failed to load resource: the server responded with a status of 404 (Not Found) @ http://localhost:3000/login?_rsc=1nkcf:0
[34779494ms] [ERROR] Failed to load resource: the server responded with a status of 404 (Not Found) @ http://localhost:3000/login?_rsc=1nkcf:0
[34779500ms] [ERROR] Failed to load resource: the server responded with a status of 404 (Not Found) @ http://localhost:3000/login:0
[34779580ms] [INFO] %cDownload the React DevTools for a better development experience: https://react.dev/link/react-devtools font-weight:bold @ http://localhost:3000/_next/static/chunks/node_modules_next_dist_115brz8._.js:2431
[34779588ms] [LOG] [HMR] connected @ http://localhost:3000/_next/static/chunks/node_modules_next_dist_115brz8._.js:2431
[34784514ms] [LOG] [Fast Refresh] rebuilding @ http://localhost:3000/_next/static/chunks/node_modules_next_dist_115brz8._.js:2431
[34784598ms] [LOG] [Fast Refresh] done in 116ms @ http://localhost:3000/_next/static/chunks/node_modules_next_dist_115brz8._.js:2431
[34784659ms] [ERROR] Failed to load resource: the server responded with a status of 404 (Not Found) @ http://localhost:3000/login?_rsc=1nkcf:0
[34784678ms] [ERROR] Failed to load resource: the server responded with a status of 404 (Not Found) @ http://localhost:3000/login?_rsc=1nkcf:0
[34784739ms] [ERROR] Failed to load resource: the server responded with a status of 404 (Not Found) @ http://localhost:3000/login:0
[34784787ms] [INFO] %cDownload the React DevTools for a better development experience: https://react.dev/link/react-devtools font-weight:bold @ http://localhost:3000/_next/static/chunks/node_modules_next_dist_115brz8._.js:2431
[34784799ms] [LOG] [HMR] connected @ http://localhost:3000/_next/static/chunks/node_modules_next_dist_115brz8._.js:2431
[34803857ms] [LOG] [Fast Refresh] rebuilding @ http://localhost:3000/_next/static/chunks/node_modules_next_dist_115brz8._.js:2431
[34803889ms] [LOG] [Fast Refresh] done in 134ms @ http://localhost:3000/_next/static/chunks/node_modules_next_dist_115brz8._.js:2431
[34821117ms] [LOG] [Fast Refresh] rebuilding @ http://localhost:3000/_next/static/chunks/node_modules_next_dist_115brz8._.js:2431
[34821138ms] [LOG] [Fast Refresh] done in 122ms @ http://localhost:3000/_next/static/chunks/node_modules_next_dist_115brz8._.js:2431
[34999375ms] [LOG] [HMR] connected @ http://localhost:3000/_next/static/chunks/node_modules_next_dist_115brz8._.js:2431
[34999662ms] [ERROR] Failed to load resource: the server responded with a status of 404 (Not Found) @ http://localhost:3000/login:0
[34999723ms] [INFO] %cDownload the React DevTools for a better development experience: https://react.dev/link/react-devtools font-weight:bold @ http://localhost:3000/_next/static/chunks/node_modules_next_dist_115brz8._.js:2431
[34999734ms] [LOG] [HMR] connected @ http://localhost:3000/_next/static/chunks/node_modules_next_dist_115brz8._.js:2431
[35028874ms] [LOG] [Fast Refresh] rebuilding @ http://localhost:3000/_next/static/chunks/node_modules_next_dist_115brz8._.js:2431
[35029119ms] [LOG] [Fast Refresh] done in 346ms @ http://localhost:3000/_next/static/chunks/node_modules_next_dist_115brz8._.js:2431
[35079388ms] [LOG] [Fast Refresh] rebuilding @ http://localhost:3000/_next/static/chunks/node_modules_next_dist_115brz8._.js:2431
[35079467ms] [LOG] [Fast Refresh] done in 180ms @ http://localhost:3000/_next/static/chunks/node_modules_next_dist_115brz8._.js:2431
[35096394ms] [LOG] [Fast Refresh] rebuilding @ http://localhost:3000/_next/static/chunks/node_modules_next_dist_115brz8._.js:2431
[35096414ms] [LOG] [Fast Refresh] done in 121ms @ http://localhost:3000/_next/static/chunks/node_modules_next_dist_115brz8._.js:2431
[35137184ms] [ERROR] WebSocket connection to 'ws://localhost:3000/_next/webpack-hmr?id=lsH_4vTrdSDhhU2bT-Pq5' failed: Error in connection establishment: net::ERR_CONNECTION_REFUSED @ http://localhost:3000/_next/static/chunks/node_modules_next_dist_client_0fhqo1d._.js:13299
[35140488ms] [ERROR] WebSocket connection to 'ws://localhost:3000/_next/webpack-hmr?id=lsH_4vTrdSDhhU2bT-Pq5' failed: Error in connection establishment: net::ERR_CONNECTION_REFUSED @ http://localhost:3000/_next/static/chunks/node_modules_next_dist_client_0fhqo1d._.js:13299
[35143793ms] [ERROR] WebSocket connection to 'ws://localhost:3000/_next/webpack-hmr?id=lsH_4vTrdSDhhU2bT-Pq5' failed: Error in connection establishment: net::ERR_CONNECTION_REFUSED @ http://localhost:3000/_next/static/chunks/node_modules_next_dist_client_0fhqo1d._.js:13299
[35147100ms] [ERROR] WebSocket connection to 'ws://localhost:3000/_next/webpack-hmr?id=lsH_4vTrdSDhhU2bT-Pq5' failed: Error in connection establishment: net::ERR_CONNECTION_REFUSED @ http://localhost:3000/_next/static/chunks/node_modules_next_dist_client_0fhqo1d._.js:13299
[35150413ms] [ERROR] WebSocket connection to 'ws://localhost:3000/_next/webpack-hmr?id=lsH_4vTrdSDhhU2bT-Pq5' failed: Error in connection establishment: net::ERR_CONNECTION_REFUSED @ http://localhost:3000/_next/static/chunks/node_modules_next_dist_client_0fhqo1d._.js:13299
[35157723ms] [ERROR] WebSocket connection to 'ws://localhost:3000/_next/webpack-hmr?id=lsH_4vTrdSDhhU2bT-Pq5' failed: Error in connection establishment: net::ERR_CONNECTION_REFUSED @ http://localhost:3000/_next/static/chunks/node_modules_next_dist_client_0fhqo1d._.js:13299
[35165030ms] [ERROR] WebSocket connection to 'ws://localhost:3000/_next/webpack-hmr?id=lsH_4vTrdSDhhU2bT-Pq5' failed: Error in connection establishment: net::ERR_CONNECTION_REFUSED @ http://localhost:3000/_next/static/chunks/node_modules_next_dist_client_0fhqo1d._.js:13299
[35172338ms] [ERROR] WebSocket connection to 'ws://localhost:3000/_next/webpack-hmr?id=lsH_4vTrdSDhhU2bT-Pq5' failed: Error in connection establishment: net::ERR_CONNECTION_REFUSED @ http://localhost:3000/_next/static/chunks/node_modules_next_dist_client_0fhqo1d._.js:13299
[35179643ms] [ERROR] WebSocket connection to 'ws://localhost:3000/_next/webpack-hmr?id=lsH_4vTrdSDhhU2bT-Pq5' failed: Error in connection establishment: net::ERR_CONNECTION_REFUSED @ http://localhost:3000/_next/static/chunks/node_modules_next_dist_client_0fhqo1d._.js:13299
[35186947ms] [ERROR] WebSocket connection to 'ws://localhost:3000/_next/webpack-hmr?id=lsH_4vTrdSDhhU2bT-Pq5' failed: Error in connection establishment: net::ERR_CONNECTION_REFUSED @ http://localhost:3000/_next/static/chunks/node_modules_next_dist_client_0fhqo1d._.js:13299
[35194255ms] [ERROR] WebSocket connection to 'ws://localhost:3000/_next/webpack-hmr?id=lsH_4vTrdSDhhU2bT-Pq5' failed: Error in connection establishment: net::ERR_CONNECTION_REFUSED @ http://localhost:3000/_next/static/chunks/node_modules_next_dist_client_0fhqo1d._.js:13299
[35201562ms] [ERROR] WebSocket connection to 'ws://localhost:3000/_next/webpack-hmr?id=lsH_4vTrdSDhhU2bT-Pq5' failed: Error in connection establishment: net::ERR_CONNECTION_REFUSED @ http://localhost:3000/_next/static/chunks/node_modules_next_dist_client_0fhqo1d._.js:13299
[40287867ms] [ERROR] Failed to load resource: the server responded with a status of 404 (Not Found) @ http://localhost:3000/login:0
[40288016ms] [INFO] %cDownload the React DevTools for a better development experience: https://react.dev/link/react-devtools font-weight:bold @ http://localhost:3000/_next/static/chunks/node_modules_next_dist_115brz8._.js:2431
[40288165ms] [LOG] [HMR] connected @ http://localhost:3000/_next/static/chunks/node_modules_next_dist_115brz8._.js:2431
[40679950ms] [ERROR] WebSocket connection to 'ws://localhost:3000/_next/webpack-hmr?id=UYidAiZNJXLPRsoI3HYgt' failed: Error in connection establishment: net::ERR_CONNECTION_REFUSED @ http://localhost:3000/_next/static/chunks/node_modules_next_dist_client_0fhqo1d._.js:13299
[40683256ms] [ERROR] WebSocket connection to 'ws://localhost:3000/_next/webpack-hmr?id=UYidAiZNJXLPRsoI3HYgt' failed: Error in connection establishment: net::ERR_CONNECTION_REFUSED @ http://localhost:3000/_next/static/chunks/node_modules_next_dist_client_0fhqo1d._.js:13299
[40686562ms] [ERROR] WebSocket connection to 'ws://localhost:3000/_next/webpack-hmr?id=UYidAiZNJXLPRsoI3HYgt' failed: Error in connection establishment: net::ERR_CONNECTION_REFUSED @ http://localhost:3000/_next/static/chunks/node_modules_next_dist_client_0fhqo1d._.js:13299
[40689886ms] [ERROR] WebSocket connection to 'ws://localhost:3000/_next/webpack-hmr?id=UYidAiZNJXLPRsoI3HYgt' failed: Error in connection establishment: net::ERR_CONNECTION_REFUSED @ http://localhost:3000/_next/static/chunks/node_modules_next_dist_client_0fhqo1d._.js:13299
[40693250ms] [ERROR] WebSocket connection to 'ws://localhost:3000/_next/webpack-hmr?id=UYidAiZNJXLPRsoI3HYgt' failed: Error in connection establishment: net::ERR_CONNECTION_REFUSED @ http://localhost:3000/_next/static/chunks/node_modules_next_dist_client_0fhqo1d._.js:13299
[40700622ms] [ERROR] WebSocket connection to 'ws://localhost:3000/_next/webpack-hmr?id=UYidAiZNJXLPRsoI3HYgt' failed: Error in connection establishment: net::ERR_CONNECTION_REFUSED @ http://localhost:3000/_next/static/chunks/node_modules_next_dist_client_0fhqo1d._.js:13299
[40708027ms] [ERROR] WebSocket connection to 'ws://localhost:3000/_next/webpack-hmr?id=UYidAiZNJXLPRsoI3HYgt' failed: Error in connection establishment: net::ERR_CONNECTION_REFUSED @ http://localhost:3000/_next/static/chunks/node_modules_next_dist_client_0fhqo1d._.js:13299
[40715389ms] [ERROR] WebSocket connection to 'ws://localhost:3000/_next/webpack-hmr?id=UYidAiZNJXLPRsoI3HYgt' failed: Error in connection establishment: net::ERR_CONNECTION_REFUSED @ http://localhost:3000/_next/static/chunks/node_modules_next_dist_client_0fhqo1d._.js:13299
[40722770ms] [ERROR] WebSocket connection to 'ws://localhost:3000/_next/webpack-hmr?id=UYidAiZNJXLPRsoI3HYgt' failed: Error in connection establishment: net::ERR_CONNECTION_REFUSED @ http://localhost:3000/_next/static/chunks/node_modules_next_dist_client_0fhqo1d._.js:13299
[40730160ms] [ERROR] WebSocket connection to 'ws://localhost:3000/_next/webpack-hmr?id=UYidAiZNJXLPRsoI3HYgt' failed: Error in connection establishment: net::ERR_CONNECTION_REFUSED @ http://localhost:3000/_next/static/chunks/node_modules_next_dist_client_0fhqo1d._.js:13299
[40737558ms] [ERROR] WebSocket connection to 'ws://localhost:3000/_next/webpack-hmr?id=UYidAiZNJXLPRsoI3HYgt' failed: Error in connection establishment: net::ERR_CONNECTION_REFUSED @ http://localhost:3000/_next/static/chunks/node_modules_next_dist_client_0fhqo1d._.js:13299
[40745046ms] [ERROR] WebSocket connection to 'ws://localhost:3000/_next/webpack-hmr?id=UYidAiZNJXLPRsoI3HYgt' failed: Error in connection establishment: net::ERR_CONNECTION_REFUSED @ http://localhost:3000/_next/static/chunks/node_modules_next_dist_client_0fhqo1d._.js:13299
